{"chunk_definitions":[{"chunk_id":"csetup_chunk","chunk_label":"setup","document_id":"A3539936","expansion_state":0,"options":{"engine":"r","include":false,"label":"setup"},"row":9,"row_count":1,"visible":true},{"chunk_id":"cjxbpfg82gw8b","chunk_label":"unnamed-chunk-1","document_id":"A3539936","expansion_state":0,"options":{"engine":"r","label":"unnamed-chunk-3"},"row":17,"row_count":1,"visible":true},{"chunk_id":"cf3my56j0i48c","chunk_label":"c12 demo","document_id":"A3539936","expansion_state":0,"options":{"engine":"r","label":"unnamed-chunk-31"},"row":58,"row_count":1,"visible":true},{"chunk_id":"cz7zjb6moiogf","chunk_label":"a25 demo","document_id":"A3539936","expansion_state":0,"options":{"engine":"r","label":"a25 demo"},"row":98,"row_count":1,"visible":true}],"chunk_rendered_width":633,"doc_write_time":1631603434}