{"chunk_definitions":[{"chunk_id":"csetup_chunk","chunk_label":"setup","document_id":"A3539936","expansion_state":0,"options":{"engine":"r","include":false,"label":"setup"},"row":9,"row_count":1,"visible":true},{"chunk_id":"cjxbpfg82gw8b","chunk_label":"unnamed-chunk-1","document_id":"A3539936","expansion_state":0,"options":{"engine":"r","label":"unnamed-chunk-2"},"row":17,"row_count":1,"visible":true},{"chunk_id":"cuijaobedavql","chunk_label":"c12 demo","document_id":"9BA15FC","expansion_state":0,"options":{"engine":"r","label":"c12 demo"},"row":58,"row_count":1,"visible":true},{"chunk_id":"ccnye3dn2lgni","chunk_label":"a25 demo","document_id":"9BA15FC","expansion_state":0,"options":{"engine":"r","label":"a25 demo"},"row":99,"row_count":1,"visible":true},{"chunk_id":"cvh2zrallwxdq","chunk_label":"a76","document_id":"A3539936","expansion_state":0,"options":{"engine":"r","label":"a76"},"row":142,"row_count":1,"visible":true},{"chunk_id":"c5vanx8u4a4nq","chunk_label":"a41","document_id":"407C6867","expansion_state":0,"options":{"engine":"r","label":"a41"},"row":182,"row_count":1,"visible":true},{"chunk_id":"ckcs5hon1s058","chunk_label":"a78","document_id":"9BA15FC","expansion_state":0,"options":{"engine":"r","label":"a78"},"row":223,"row_count":1,"visible":true},{"chunk_id":"c1fdhnqzcw8fb","chunk_label":"a79","document_id":"9BA15FC","expansion_state":0,"options":{"engine":"r","label":"a79"},"row":264,"row_count":1,"visible":true},{"chunk_id":"cust5q9kbtco1","chunk_label":"a83","document_id":"9BA15FC","expansion_state":0,"options":{"engine":"r","label":"a83"},"row":305,"row_count":1,"visible":true}],"chunk_rendered_width":633,"default_chunk_options":{"echo":true},"doc_write_time":1632238608,"working_dir":null}