"0","a76timep1 <- read.delim(""datafile/210723_a76timep1.txt"",header = T,sep = ""\t"")"
"0","a76timep2 <- read.delim(""datafile/210723_a76timep2.txt"",header = T,sep = ""\t"")"
"0","a76combine <- a76timep1 %>%"
"0","  pivot_wider("
"0","    id_cols = label, "
"0","    names_from = timetype,"
"0","    values_from = timepoint"
"0","  ) %>%"
"0","  mutate("
"0","    duration1 = rstart-b"
"0","  ) %>%"
"0","  full_join(a76timep2, by = ""label"") %>%"
"0","  mutate("
"0","    beep_response = duration1 + duration2"
"0","  ) %>%"
"0","  separate(note, into=c(""accuracy"", ""note""), sep=""_"") %>%"
"0","  separate(label, into=c(""scheduleID"", ""sentence""), sep = ""_"") %>%"
"0","  separate(sentence, into = c('number','audio','video'), sep = ""(a|v)(?=M|NM)"") %>%"
"0","  mutate("
"0","    audio = paste0(""a"",audio),"
"0","    video = paste0(""v"",video),"
"0","    sentence_label = paste(number, audio, sep=""_"")"
"0","  ) %>%"
"0","  left_join(stimulim, by = ""sentence_label"") %>%"
"0","  mutate("
"0","    react1 = beep_response - length1,"
"0","    react2 = beep_response - length2,"
"0","    react3 = beep_response - length3,"
"0","    type = paste0(audio,video),"
"0","    context = str_sub(number,-1,-1)"
"0","  )  %>%"
"0","  select(scheduleID, number, audio, video, sentence_label, context,type, duration1, duration2,accuracy, note, beep_response, react1, react2, react3) "
"2","Expected 2 pieces. Additional pieces discarded in 1 rows [46]."
"0","a76combine %>%"
"0","  filter(accuracy != 0) %>%"
"0","  ggplot(aes(x=type, y=react3)) +"
"0","  geom_boxplot(aes(colour = context), outlier.colour = ""black"", outlier.shape = 1, position = position_dodge(width=0.9))+"
"0","  geom_point(aes(colour = context),position = position_jitterdodge(dodge.width = 0.9),alpha = 0.5)"
"0",""
