"sentence_label","number","condition","label_p1","label_p2","word_label","time_p1","time_p2","combine","beep","length1","length2"
"2H_aM","2H","aM","0","1","barn",2.31064930555556,2.4207199754902,"2H barn",0.364139035355676,1.94651027019988,2.05658094013452
"2L_aM","2L","aM","0","1","barn",5.36697826086957,5.4661625,"2L barn",3.51171970870678,1.85525855216279,1.95444279129322
"3H_aM","3H","aM","vow","vowh","bay",8.68929166666667,8.7688318452381,"3H bay",6.71629302434323,1.97299864232343,2.05253882089486
"3L_aM","3L","aM","vow","vowh","bay",12.0706345833333,12.1172708333333,"3L bay",9.65294742698356,2.41768715634977,2.46432340634977
"4H_aM","4H","aM","0","1","beak",16.1712267628205,16.3856851851852,"4H beak",13.7522326037409,2.41899415907956,2.63345258144424
"4L_aM","4L","aM","0","1","beak",19.8129596354167,19.9973262061404,"4L beak",17.5955845545787,2.21737508083795,2.40174165156163
"5H_aM","5H","aM","0","1","beam",23.6141755952381,23.75864375,"5H beam",21.3279551361804,2.2862204590577,2.4306886138196
"5L_aM","5L","aM","0","1","beam",27.1980270833333,27.3357923611111,"5L beam",25.0556727488692,2.14235433446412,2.2801196122419
"7H_aM","7H","aM","0","1","bend",30.9003194444444,31.1722303240741,"7H bend",28.7610274354788,2.13929200896562,2.41120288859525
"7L_aM","7L","aM","0","1","bend",34.3018667385057,34.5899925595238,"7L bend",32.1470475625194,2.15481917598638,2.44294499700445
"8H_aM","8H","aM","0","1","blame",38.2325729166667,38.3080604166667,"8H blame",35.8136603212725,2.41891259539419,2.49440009539419
"8L_aM","8L","aM","0","1","blame",41.500815625,41.6254427083333,"8L blame",39.7315250873001,1.76929053769994,1.89391762103327
"9H_aM","9H","aM","0","1","blast",44.7512482638889,45.0622118055556,"9H blast",42.4891119709431,2.26213629294577,2.57309983461244
"9L_aM","9L","aM","0","1","blast",48.3061909722222,48.6452451388889,"9L blast",46.4185339508973,1.88765702132491,2.22671118799157
"10H_aM","10H","aM","0","1","bowl",52.3202433814757,52.4910785984848,"10H bowl",50.0193951468615,2.30084823461424,2.47168345162336
"10L_aM","10L","aM","0","1","bowl",56.209853219697,56.3478976715686,"10L bowl",53.7969216132063,2.41293160649064,2.5509760583623
"11H_aM","11H","aM","0","1","brat",59.8472395833333,60.0600639880952,"11H brat",57.6570058064317,2.19023377690164,2.40305818166355
"11L_aM","11L","aM","0","1","brat",63.3481633928571,63.5693395833333,"11L brat",61.2404265859298,2.10773680692737,2.32891299740356
"12H_aM","12H","aM","0","1","bread",67.4569855769231,67.6397215277778,"12H bread",65.0757848252255,2.38120075169761,2.5639367025523
"12L_aM","12L","aM","0","1","bread",70.7840451388889,70.9485511775362,"12L bread",68.8321014323085,1.95194370658034,2.11644974522768
"13H_aM","13H","aM","0","1","breath",74.1314056461353,74.3618609068627,"13H breath",71.8598740226113,2.27153162352393,2.50198688425141
"13L_aM","13L","aM","0","1","breath",78.3030107276119,78.40453125,"13L breath",75.7428967917903,2.5601139358216,2.66163445820968
"14H_aM","14H","aM","0","1","broom",81.2086603976458,81.3466279761905,"14H broom",79.1721458543263,2.03651454331948,2.17448212186416
"14L_aM","14L","aM","0","1","broom",84.8250500992064,84.9052951388889,"14L broom",82.2783764339189,2.54667366528746,2.62691870497
"15H_aM","15H","aM","0","1","bruise",88.73476625,88.9101423611111,"15H bruise",86.4228938895782,2.31187236042176,2.48724847153288
"15L_aM","15L","aM","0","1","bruise",92.7729087009804,92.9172153897849,"15L bruise",90.6486340845408,2.12427461643958,2.26858130524413
"16H_aM","16H","aM","0","1","cake",96.5819401041667,96.7440299479167,"16H cake",93.9317842464132,2.65015585775348,2.81224570150347
"16L_aM","16L","aM","0","1","cake",100.644919407895,100.85484375,"16L cake",98.1999370884158,2.44498231947895,2.65490666158422
"17H_aM","17H","aM","0","1","calf",104.407067956349,104.600564453125,"17H calf",101.853189537472,2.55387841887708,2.74737491565287
"17L_aM","17L","aM","0","1","calf",108.80118287037,109.033662828947,"17L calf",106.07773807681,2.72344479355992,2.95592475213691
"19H_aM","19H","aM","0","1","chat",111.959895833333,112.182507440476,"19H chat",109.908766214679,2.05112961865426,2.27374122579711
"19L_aM","19L","aM","0","1","chat",116.272130580357,116.504297348485,"19L chat",113.94155995581,2.33057062454702,2.56273739267472
"20H_aM","20H","aM","0","1","chunks",120.202185307018,120.635850694444,"20H chunks",118.18448210305,2.01770320396724,2.45136859139414
"20L_aM","20L","aM","0","1","chunks",124.440350863821,124.861700892857,"20L chunks",122.01988647719,2.42046438663128,2.84181441566729
"21H_aM","21H","aM","0","1","clerk",129.042352678571,129.244712121212,"21H clerk",126.452277883676,2.59007479489557,2.7924342375363
"21L_aM","21L","aM","0","1","clerk",133.081223090278,133.264071022727,"21L clerk",130.922370271898,2.15885281837933,2.34170075082883
"22H_aM","22H","aM","0","1","cliff",137.274206845238,137.532657702719,"22H cliff",135.151877123087,2.12232972215099,2.38078057963193
"22L_aM","22L","aM","0","1","cliff",140.920554166667,141.215614583333,"22L cliff",138.952307229961,1.96824693670584,2.26330735337251
"23H_aM","23H","aM","0","1","clock",143.775972039474,144.028524621212,"23H clock",141.986812397395,1.78915964207891,2.04171222381734
"23L_aM","23L","aM","0","1","clock",147.564294642857,147.800621527778,"23L clock",145.257908074973,2.30638656788383,2.54271345280446
"24H_aM","24H","aM","vow","vowh","clue",151.173293595679,151.233404166667,"24H clue",148.66537236509,2.50792123058872,2.56803180157638
"24L_aM","24L","aM","vow","vowh","clue",154.715679972376,154.750550189394,"24L clue",152.43775517796,2.27792479441635,2.3127950114341
"25H_aM","25H","aM","0","1","coach",158.528752741228,158.817072916667,"25H coach",156.426629783051,2.1021229581772,2.3904431336158
"25L_aM","25L","aM","0","1","coach",163.333010416667,163.5939296875,"25L coach",160.812526633003,2.52048378366402,2.78140305449736
"26H_aM","26H","aM","0","1","coast",166.554132440476,166.9072578125,"26H coast",164.933743339065,1.6203891014116,1.97351447343542
"26L_aM","26L","aM","0","1","coast",170.860034722222,171.151427083333,"26L coast",168.52162790652,2.33840681570226,2.62979917681335
"27H_aM","27H","aM","0","1","coin",175.132363357843,175.2755234375,"27H coin",172.738267544233,2.39409581361008,2.53725589326694
"27L_aM","27L","aM","0","1","coin",178.540945833333,178.6769,"27L coin",176.188415346081,2.35253048725207,2.48848465391873
"28H_aM","28H","aM","0","1","cops",182.342451929205,182.674105769231,"28H cops",180.232798890536,2.10965303866948,2.44130687869523
"28L_aM","28L","aM","0","1","cops",186.350454861111,186.693796130952,"28L cops",183.96812748789,2.38232737322124,2.72566864306253
"29H_aM","29H","aM","0","1","crash",190.068211021505,190.341271875,"29H crash",187.929036643393,2.13917437811253,2.41223523160718
"29L_aM","29L","aM","0","1","crash",193.565248729675,193.843365625,"29L crash",191.240188463786,2.32506026588854,2.60317716121378
"30H_aM","30H","aM","vow","vowh","crew",196.653377840909,196.70004296875,"30H crew",194.515451730066,2.13792611084261,2.18459123868351
"30L_aM","30L","aM","vow","vowh","crew",199.678440340909,199.75760546875,"30L crew",197.480559104007,2.1978812369025,2.2770463647434
"31H_aM","31H","aM","0","1","crib",202.994095905172,203.14905625,"31H crib",201.084204914935,1.90989099023736,2.06485133506493
"31L_aM","31L","aM","0","1","crib",206.418185855263,206.587245535714,"31L crib",203.973832077041,2.44435377822197,2.61341345867308
"32H_aM","32H","aM","0","1","crop",210.198312996032,210.413552083333,"32H crop",207.980296133898,2.21801686213348,2.43325594943505
"32L_aM","32L","aM","0","1","crop",213.682267045455,213.852296600877,"32L crop",211.364481505276,2.31778554017816,2.48781509560084
"33H_aM","33H","aM","0","1","crown",217.315924583333,217.421365972222,"33H crown",215.512479102906,1.80344548042689,1.90888686931575
"33L_aM","33L","aM","0","1","crown",220.472572916667,220.59248125,"33L crown",218.51442125091,1.95815166575667,2.07805999909002
"35H_aM","35H","aM","0","1","curb",224.057926470588,224.257790178571,"35H curb",221.643926373168,2.41400009742037,2.61386380540355
"35L_aM","35L","aM","0","1","curb",227.961559436274,228.094677083333,"35L curb",225.73409918693,2.22746024934409,2.36057789640293
"36H_aM","36H","aM","0","1","dart",231.086883680556,231.304623069373,"36H dart",228.894532090267,2.19235159028844,2.41009097910583
"36L_aM","36L","aM","0","1","dart",234.341858173077,234.534602864583,"36L dart",232.357383176171,1.98447499690633,2.17721968841278
"37H_aM","37H","aM","0","1","deck",237.088910778986,237.275597537879,"37H deck",235.513221398753,1.57568938023272,1.76237613912599
"37L_aM","37L","aM","0","1","deck",240.421077083333,240.632028688623,"37L deck",238.251523655525,2.16955342780807,2.38050503309728
"38H_aM","38H","aM","0","1","den",243.942618371212,244.069878472222,"38H den",241.49952733932,2.44309103189215,2.57035113290226
"38L_aM","38L","aM","0","1","den",247.90853422619,248.000838068182,"38L den",245.839218264778,2.06931596141266,2.16161980340402
"39H_aM","39H","aM","0","1","dent",250.59652734375,250.903439583333,"39H dent",248.855631186297,1.74089615745345,2.04780839703679
"39L_aM","39L","aM","0","1","dent",253.980057291667,254.272549756646,"39L dent",252.069596822856,1.91046046881058,2.20295293378987
"40H_aM","40H","aM","0","1","ditch",257.162872519841,257.477626838235,"40H ditch",255.349773695302,1.81309882453942,2.12785314293345
"40L_aM","40L","aM","0","1","ditch",260.226048958333,260.519077546296,"40L ditch",258.401183248494,1.82486570983946,2.11789429780242
"41H_aM","41H","aM","0","1","dive",263.862118615591,264.03570079023,"41H dive",261.798798238059,2.06332037753219,2.2369025521707
"41L_aM","41L","aM","0","1","dive",267.504371279762,267.567885416667,"41L dive",264.937000545752,2.56737073400956,2.63088487091437
"42H_aM","42H","aM","0","1","doll",270.2945,270.471399305556,"42H doll",268.414215613872,1.88028438612781,2.05718369168329
"42L_aM","42L","aM","0","1","doll",273.1114,273.24915922619,"42L doll",271.188645997528,1.92275400247161,2.0605132286621
"43H_aM","43H","aM","0","1","dove",276.005857638889,276.228940972222,"43H dove",273.975149712173,2.03070792671605,2.25379126004935
"43L_aM","43L","aM","0","1","dove",279.00373125,279.252900568182,"43L dove",277.018146175416,1.98558507458426,2.23475439276609
"44H_aM","44H","aM","0","1","draft",282.371964832473,282.679652083333,"44H draft",279.980787736509,2.39117709596337,2.69886434682388
"44L_aM","44L","aM","0","1","draft",286.390376041667,286.723311197917,"44L draft",283.933763027448,2.45661301421831,2.78954817046827
"45H_aM","45H","aM","0","1","drain",290.86666025641,290.958422916667,"45H drain",288.358047602014,2.5086126543967,2.60037531465309
"45L_aM","45L","aM","0","1","drain",295.121404166667,295.223635416667,"45L drain",292.659667678646,2.46173648802096,2.56396773802095
"46H_aM","46H","aM","0","1","drug",299.03846875,299.181822916667,"46H drug",296.749940084655,2.28852866534487,2.43188283201152
"46L_aM","46L","aM","0","1","drug",302.369330592105,302.581841145833,"46L drug",300.536205303718,1.83312528838707,2.04563584211513
"47H_aM","47H","aM","0","1","drum",305.864576774691,305.969771527778,"47H drum",303.674524890299,2.19005188439201,2.29524663747844
"47L_aM","47L","aM","0","1","drum",309.017953645833,309.160622258772,"47L drum",307.0114412915,2.00651235433367,2.14918096727223
"48H_aM","48H","aM","0","1","feast",311.978408744149,312.308164583333,"48H feast",309.984574548175,1.99383419597359,2.32359003515836
"48L_aM","48L","aM","0","1","feast",314.973084635417,315.263657738095,"48L feast",313.232766411771,1.74031822364577,2.03089132632437
"50H_aM","50H","aM","0","1","flame",318.118387369792,318.213584375,"50H flame",316.048198477499,2.07018889229232,2.16538589750064
"50L_aM","50L","aM","0","1","flame",321.815530448718,321.923634424603,"50L flame",319.464874887534,2.35065556118428,2.45875953706951
"51H_aM","51H","aM","0","1","flock",325.075671130952,325.335467592593,"51H flock",322.950306195642,2.1253649353107,2.38516139695093
"51L_aM","51L","aM","0","1","flock",328.375257211538,328.62675652258,"51L flock",326.150278818681,2.22497839285785,2.47647770389949
"52H_aM","52H","aM","0","1","flood",331.883378472222,332.065664930556,"52H flood",329.819820848439,2.06355762378274,2.24584408211609
"52L_aM","52L","aM","0","1","flood",335.499370442708,335.658070465686,"52L flood",333.218946603344,2.28042383936446,2.4391238623424
"53H_aM","53H","aM","0","1","frogs",338.407741272522,338.727392361111,"53H frogs",336.699866053189,1.70787521933323,2.0275263079219
"53L_aM","53L","aM","0","1","frogs",341.576165865385,341.915267769608,"53L frogs",339.743347988667,1.8328178767178,2.17191978094104
"54H_aM","54H","aM","0","1","fudge",345.426377777778,345.688385416667,"54H fudge",343.229908084291,2.19646969348696,2.45847733237588
"54L_aM","54L","aM","0","1","fudge",349.450772916667,349.736044642857,"54L fudge",346.933196462654,2.51757645401312,2.80284818020363
"55H_aM","55H","aM","vow","vowh","fur",353.019441287879,353.147385416667,"55H fur",350.677094180904,2.3423471069749,2.47029123576283
"55L_aM","55L","aM","vow","vowh","fur",356.15359425813,356.287318291333,"55L fur",353.993976620523,2.15961763760657,2.29334167080947
"57H_aM","57H","aM","vow","vowh","glue",359.555081845238,359.595940972222,"57H glue",357.347841377168,2.20724046806993,2.24809959505404
"57L_aM","57L","aM","vow","vowh","glue",362.674924107143,362.69960625,"57L glue",360.514659084633,2.16026502251009,2.18494716536725
"58H_aM","58H","aM","0","1","goal",365.776159841954,365.930913194444,"58H goal",363.672660220851,2.10349962110269,2.25825297359313
"58L_aM","58L","aM","0","1","goal",368.88169115991,368.9988125,"58L goal",366.927820467754,1.95387069215599,2.07099203224607
"59H_aM","59H","aM","0","1","gown",371.871541666667,371.986072916667,"59H gown",369.976818279188,1.89472338747851,2.00925463747853
"59L_aM","59L","aM","0","1","gown",375.201363614341,375.284082785088,"59L gown",372.921936735417,2.27942687892386,2.36214604967051
"60H_aM","60H","aM","0","1","grin",378.864040972222,378.988002777778,"60H grin",376.511754383201,2.35228658902145,2.476248394577
"60L_aM","60L","aM","0","1","grin",382.33818359375,382.475045138889,"60L grin",380.085047941851,2.25313565189907,2.38999719703793
"61H_aM","61H","aM","0","1","growl",385.699097789116,385.825086805556,"61H growl",383.59155401756,2.10754377155524,2.23353278799516
"61L_aM","61L","aM","0","1","growl",389.243685986467,389.351765625,"61L growl",387.348986919454,1.89469906701305,2.00277870554584
"62H_aM","62H","aM","vow","vowh","hay",392.259778935185,392.31968359375,"62H hay",390.214043968978,2.04573496620731,2.1056396247721
"62L_aM","62L","aM","vow","vowh","hay",395.135954583333,395.209828351449,"62L hay",393.477182276719,1.65877230661437,1.73264607473033
"63H_aM","63H","aM","0","1","hedge",398.305585648148,398.585617361111,"63H hedge",396.033940801519,2.27164484662887,2.55167655959178
"63L_aM","63L","aM","0","1","hedge",401.606146825397,401.911760416667,"63L hedge",399.473231421829,2.13291540356755,2.43852899483738
"64H_aM","64H","aM","0","1","hen",404.973068576389,405.106602083333,"64H hen",402.916467520991,2.05660105539783,2.19013456234228
"64L_aM","64L","aM","0","1","hen",408.280934722222,408.448076395406,"64L hen",406.154090623936,2.12684409828643,2.29398577147026
"65H_aM","65H","aM","0","1","herd",411.964559583333,412.076827083333,"65H herd",409.621591907938,2.34296767539541,2.45523517539539
"65L_aM","65L","aM","0","1","herd",415.075210565476,415.213100694444,"65L herd",413.107950691136,1.9672598743399,2.10515000330821
"66H_aM","66H","aM","0","1","hint",418.42590625,418.731254166667,"66H hint",416.168883161636,2.25702308836384,2.56237100503051
"66L_aM","66L","aM","0","1","hint",421.590950109649,421.723772569444,"66L hint",419.63334934623,1.95760076341878,2.09042322321415
"67H_aM","67H","aM","0","1","hips",425.141336931818,425.440714015152,"67H hips",422.975363173504,2.16597375831378,2.46535084164714
"67L_aM","67L","aM","0","1","hips",428.525475,428.792464673913,"67L hips",426.345852076427,2.17962292357288,2.44661259748591
"68H_aM","68H","aM","0","1","hive",432.305272321429,432.506231481481,"68H hive",430.071104739514,2.23416758191456,2.43512674196745
"68L_aM","68L","aM","0","1","hive",435.40582625,435.554456845238,"68L hive",433.335309799821,2.07051645017935,2.21914704541751
"69H_aM","69H","aM","0","1","host",438.781722718254,439.067458881579,"69H host",436.374247195849,2.40747552240538,2.69321168573038
"69L_aM","69L","aM","0","1","host",442.358465277778,442.646408143939,"69L host",439.913363795543,2.44510148223492,2.7330443483965
"70H_aM","70H","aM","0","1","hug",445.65465327381,445.825260416667,"70H hug",443.730377794883,1.92427547892612,2.09488262178326
"70L_aM","70L","aM","0","1","hug",448.871693287037,449.04196257716,"70L hug",446.845041327868,2.02665195916865,2.19692124929207
"71H_aM","71H","aM","vow","vowh","jar",452.039082997312,452.094444940476,"71H jar",449.984007728767,2.05507526854524,2.11043721170955
"71L_aM","71L","aM","vow","vowh","jar",455.940450520833,456.02435875,"71L jar",453.673941919337,2.26650860149658,2.35041683066322
"72H_aM","72H","aM","0","1","juice",459.006708333333,459.245205492424,"72H juice",457.004731922428,2.00197641090563,2.24047356999654
"72L_aM","72L","aM","0","1","juice",462.504592559524,462.774920955882,"72L juice",460.350246834241,2.15434572528267,2.42467412164126
"73H_aM","73H","aM","0","1","junk",465.830467844203,466.099711174242,"73H junk",463.461583749769,2.36888409443355,2.63812742447305
"73L_aM","73L","aM","0","1","junk",469.165237103175,469.392114884975,"73L junk",467.026401603486,2.13883549968858,2.36571328148909
"74H_aM","74H","aM","0","1","kick",472.778038541667,473.008273574561,"74H kick",470.349389085472,2.42864945619465,2.65888448908936
"74L_aM","74L","aM","0","1","kick",476.193875,476.402796130952,"74L kick",473.781023778361,2.41285122163936,2.62177235259173
"75H_aM","75H","aM","0","1","knife",479.37155,479.63113451087,"75H knife",477.249337346534,2.12221265346557,2.38179716433518
"75L_aM","75L","aM","0","1","knife",482.939302083333,483.204083333333,"75L knife",480.626451541066,2.31285054226754,2.57763179226754
"76H_aM","76H","aM","0","1","knob",486.051706597222,486.20139691092,"76H knob",484.050017516073,2.00168908114915,2.15137939484651
"76L_aM","76L","aM","0","1","knob",489.142755787037,489.269480654762,"76L knob",487.206938437943,1.93581734909441,2.06254221681928
"78H_aM","78H","aM","0","1","lap",492.572977162483,492.791100694444,"78H lap",490.29257044882,2.28040671366347,2.49853024562486
"78L_aM","78L","aM","0","1","lap",495.812795138889,496.000743969298,"78L lap",493.666158731345,2.14663640754344,2.33458523795281
"79H_aM","79H","aM","0","1","lid",499.209774066092,499.353430059524,"79H lid",497.183871636913,2.0259024291791,2.16955842261098
"79L_aM","79L","aM","0","1","lid",503.063899839744,503.279833333333,"79L lid",500.947990276753,2.11590956299034,2.33184305658006
"80H_aM","80H","aM","0","1","lock",506.082840416667,506.334117559524,"80H lock",503.966080720804,2.11675969586253,2.36803683871966
"80L_aM","80L","aM","0","1","lock",509.272699305556,509.537567708333,"80L lock",507.101473067491,2.17122623806421,2.43609464084199
"81H_aM","81H","aM","0","1","logs",512.597438988095,512.891002264493,"81H logs",510.420010405031,2.17742858306377,2.47099185946132
"81L_aM","81L","aM","0","1","logs",516.135266098485,516.4339296875,"81L logs",514.152981181467,1.98228491701752,2.2809485060327
"82H_aM","82H","aM","0","1","lungs",520.10814453125,520.449625694444,"82H lungs",517.522546251398,2.58559827985221,2.92707944304664
"82L_aM","82L","aM","0","1","lungs",524.246246527778,524.588067708333,"82L lungs",521.611022282778,2.63522424499934,2.97704542555482
"83H_aM","83H","aM","0","1","map",528.034297275641,528.243898674242,"83H map",525.636380153791,2.39791712184967,2.60751852045121
"83L_aM","83L","aM","0","1","map",531.79304296875,532.010008522727,"83L map",529.876983331335,1.91605963741517,2.13302519139245
"85H_aM","85H","aM","0","1","mat",535.706716369048,535.964733630952,"85H mat",533.359542759767,2.34717360928028,2.60519087118507
"85L_aM","85L","aM","0","1","mat",539.029945833333,539.308037202381,"85L mat",537.050782706578,1.97916312675534,2.25725449580307
"86H_aM","86H","aM","0","1","meal",542.369158442982,542.514398042929,"86H meal",540.534652076532,1.83450636645046,1.97974596639733
"86L_aM","86L","aM","0","1","meal",545.942002372112,546.065424107143,"86L meal",543.396357125508,2.54564524660384,2.6690669816345
"87H_aM","87H","aM","0","1","mop",548.746257211538,548.91706155303,"87H mop",546.766389904008,1.97986730753007,2.15067164902189
"87L_aM","87L","aM","0","1","mop",552.151254464286,552.363122395833,"87L mop",550.040967989928,2.11028647435796,2.32215440590562
"88H_aM","88H","aM","0","1","mouse",555.56421875,555.827685855263,"88H mouse",553.52743818784,2.03678056215961,2.30024766742281
"88L_aM","88L","aM","0","1","mouse",559.605057518116,559.837363194444,"88L mouse",557.21880793479,2.38624958332571,2.61855525965416
"89H_aM","89H","aM","0","1","mug",564.027587797619,564.18325578349,"89H mug",561.58941739793,2.4381703996886,2.59383838555925
"89L_aM","89L","aM","0","1","mug",567.744721117424,567.905627083333,"89L mug",565.164440873274,2.58028024415069,2.74118621005982
"90H_aM","90H","aM","0","1","net",571.37865625,571.654019345238,"90H net",569.107982786623,2.27067346337731,2.54603655861547
"90L_aM","90L","aM","0","1","net",574.850278645833,575.059729166667,"90L net",572.912600702954,1.93767794287953,2.14712846371287
"91H_aM","91H","aM","0","1","notch",577.486539583333,577.811171875,"91H notch",575.768520059361,1.71801952397186,2.04265181563846
"91L_aM","91L","aM","0","1","notch",580.843792708333,581.15284280303,"91L notch",578.652533087962,2.19125962037151,2.5003097150684
"93H_aM","93H","aM","0","1","pad",585.667077546296,585.830059027778,"93H pad",583.196334452289,2.47074309400682,2.63372457548826
"93L_aM","93L","aM","0","1","pad",589.649178240741,589.787375,"93L pad",587.240625626427,2.4085526143142,2.54674937357345
"94H_aM","94H","aM","0","1","pet",593.387110677083,593.65907312358,"94H pet",591.047616655133,2.33949402195037,2.61145646844739
"94L_aM","94L","aM","0","1","pet",596.963432598039,597.232858333333,"94L pet",594.605413418493,2.35801917954655,2.62744491484079
"95H_aM","95H","aM","vow","1","pie",600.688210227273,600.77208643018,"95H pie",598.27980858391,2.40840164336237,2.49227784626976
"95L_aM","95L","aM","0","1","pie",605.154089717742,605.213222537879,"95L pie",602.345025387961,2.80906432978065,2.86819714991748
"96H_aM","96H","aM","0","1","pile",608.401581845238,608.558352083333,"96H pile",606.127176910648,2.27440493458971,2.4311751726849
"96L_aM","96L","aM","0","1","pile",611.845071691176,611.984210737179,"96L pile",609.730766642781,2.11430504839507,2.25344409439811
"97H_aM","97H","aM","0","1","pill",615.972894345238,616.14221875,"97H pill",613.533780293758,2.43911405147981,2.60843845624174
"97L_aM","97L","aM","0","1","pill",620.038366071429,620.253104166667,"97L pill",617.756641723764,2.28172434766486,2.49646244290295
"98H_aM","98H","aM","0","1","pine",623.620668504902,623.721023897059,"98H pine",621.139868464405,2.48080004049746,2.58115543265421
"98L_aM","98L","aM","0","1","pine",627.670258012821,627.811420138889,"98L pine",625.753484775019,1.91677323780198,2.05793536387034
"99H_aM","99H","aM","0","1","plot",631.581920784884,631.8633359375,"99H plot",629.59839270514,1.98352807974345,2.26494323235977
"99L_aM","99L","aM","0","1","plot",634.453829915004,634.678214583333,"99L plot",632.837703834394,1.61612608060943,1.8405107489391
"100H_aM","100H","aM","0","1","pole",637.260047998366,637.537113194444,"100H pole",635.508417853733,1.75163014463328,2.02869534071169
"100L_aM","100L","aM","0","1","pole",640.64953125,640.85101875,"100L pole",639.115410487105,1.53412076289544,1.73560826289543
"101H_aM","101H","aM","0","1","pool",644.600905264187,644.796726102941,"101H pool",642.078906475119,2.52199878906731,2.717819627822
"101L_aM","101L","aM","0","1","pool",648.15729420862,648.349886322464,"101L pool",646.19968443685,1.95760977176997,2.15020188561425
"102H_aM","102H","aM","0","1","prize",651.950932942708,652.1381625,"102H prize",649.342608421771,2.60832452093769,2.7955540782292
"102L_aM","102L","aM","0","1","prize",656.119585416667,656.278052083333,"102L prize",653.906410630543,2.21317478612377,2.37164145279041
"103H_aM","103H","aM","0","1","raft",661.176372916667,661.506040509259,"103H raft",658.265809021377,2.91056389529012,3.24023148788274
"103L_aM","103L","aM","0","1","raft",664.544686037183,664.880051822382,"103L raft",662.314184099893,2.23050193729011,2.56586772248852
"104H_aM","104H","aM","0","1","rent",668.830056891026,669.158204545455,"104H rent",666.611708267297,2.21834862372896,2.54649627815786
"104L_aM","104L","aM","0","1","rent",672.500983901515,672.867524305556,"104L rent",670.285139839604,2.21584406191096,2.58238446595135
"105H_aM","105H","aM","0","1","rim",676.070256628788,676.23296875,"105H rim",673.713840721709,2.35641590707917,2.51912802829122
"105L_aM","105L","aM","0","1","rim",680.554199519231,680.698451003086,"105L rim",678.015383190183,2.53881632904802,2.68306781290357
"107H_aM","107H","aM","0","1","rope",683.368828703704,683.586339583333,"107H rope",681.375212356168,1.99361634753541,2.21112722716498
"107L_aM","107L","aM","0","1","rope",686.82606347469,687.009879464286,"107L rope",684.679547104179,2.14651637051122,2.33033236010681
"108H_aM","108H","aM","vow","vowh","no",690.31075375,690.3858375,"108H no",687.82285323764,2.48790051236017,2.56298426236015
"108L_aM","108L","aM","vow","vowh","no",693.678434027778,693.724334490741,"108L no",691.313823883886,2.36461014389215,2.41051060685515
"109H_aM","109H","aM","0","1","sand",696.671987428161,696.913675189394,"109H sand",694.735051580874,1.93693584728715,2.17862360852018
"109L_aM","109L","aM","0","1","sand",699.871726762821,700.118104166667,"109L sand",697.744286820309,2.12743994251184,2.3738173463579
"110H_aM","110H","aM","0","1","scab",703.094350996377,703.255885416667,"110H scab",700.969752496439,2.12459849993775,2.28613292022749
"110L_aM","110L","aM","0","1","scab",706.07684280303,706.206749198718,"110L scab",704.040827069308,2.0360157337218,2.16592212940952
"111H_aM","111H","aM","0","1","seeds",708.933988095238,709.193677083333,"111H seeds",707.002455700931,1.93153239430717,2.19122138240243
"111L_aM","111L","aM","0","1","seeds",711.791907738095,712.00415625,"111L seeds",710.083525853931,1.70838188416451,1.92063039606921
"112H_aM","112H","aM","0","1","shed",714.796527391975,714.968856770833,"112H shed",712.819885688999,1.97664170297583,2.14897108183391
"112L_aM","112L","aM","0","1","shed",717.978989583333,718.157542613636,"112L shed",715.844252914891,2.13473666844232,2.31328969874539
"113H_aM","113H","aM","0","1","sheep",721.210544507576,721.389879464286,"113H sheep",718.952299843723,2.25824466385279,2.4375796205627
"113L_aM","113L","aM","0","1","sheep",723.994627840909,724.195952818627,"113L sheep",722.184407199587,1.81022064132253,2.01154561904093
"114H_aM","114H","aM","0","1","silk",727.102196180556,727.275151041667,"114H silk",725.204195226323,1.898000954233,2.07095581534418
"114L_aM","114L","aM","0","1","silk",730.026784841954,730.214795138889,"114L silk",728.109125199113,1.91765964284139,2.10566993977625
"115H_aM","115H","aM","0","1","skirt",733.378136458333,733.6360625,"115H skirt",731.207197386987,2.17093907134654,2.42886511301322
"115L_aM","115L","aM","0","1","skirt",736.702141369048,736.898479166667,"115L skirt",734.579304374174,2.12283699487386,2.31917479249284
"116H_aM","116H","aM","0","1","sleeves",740.036321875,740.264170572917,"116H sleeves",737.71704826536,2.31927360963959,2.54712230755615
"116L_aM","116L","aM","0","1","sleeves",743.496858534946,743.75600625,"116L sleeves",741.212553752899,2.28430478204677,2.54345249710059
"117H_aM","117H","aM","0","1","slice",746.934166666667,747.218412202381,"117H slice",744.810873804345,2.12329286232205,2.40753839803631
"117L_aM","117L","aM","0","1","slice",750.66715922619,750.971135416667,"117L slice",748.422807557259,2.24435166893159,2.54832785940789
"118H_aM","118H","aM","0","1","sling",754.147907638889,754.294896990741,"118H sling",751.996510654086,2.15139698480266,2.2983863366544
"118L_aM","118L","aM","0","1","sling",757.710389093137,757.865815340909,"118L sling",755.374118526069,2.3362705670678,2.49169681483966
"119H_aM","119H","aM","0","1","splash",761.186473710318,761.503041921189,"119H splash",759.014134313364,2.17233939695382,2.48890760782524
"119L_aM","119L","aM","0","1","splash",764.954272916667,765.233736979167,"119L splash",762.703481818006,2.25079109866022,2.5302551611602
"120H_aM","120H","aM","0","1","sponge",768.48050625,768.875808788259,"120H sponge",766.280022419824,2.20048383017559,2.5957863684348
"120L_aM","120L","aM","0","1","sponge",772.078614583333,772.475454861111,"120L sponge",770.140199959475,1.93841462385831,2.33525490163606
"121H_aM","121H","aM","0","1","spool",775.4334,775.637669507576,"121H spool",773.554485710978,1.87891428902208,2.08318379659784
"121L_aM","121L","aM","0","1","spool",778.889313549206,779.084979558714,"121L spool",776.758375023958,2.13093852524798,2.3266045347558
"122H_aM","122H","aM","0","1","spoon",782.13797509058,782.281125612745,"122H spoon",780.115108193601,2.02286689697905,2.1660174191444
"122L_aM","122L","aM","0","1","spoon",785.439350694444,785.598,"122L spoon",783.215193385894,2.22415730855039,2.38280661410602
"123H_aM","123H","aM","0","1","sport",788.947661805556,789.132211566232,"123H sport",786.879751928009,2.06790987754607,2.25245963822249
"123L_aM","123L","aM","0","1","sport",792.4655234375,792.669990808824,"123L sport",790.266816810828,2.19870662667188,2.4031739979954
"124H_aM","124H","aM","vow","vowh","spray",795.519892361111,795.572621527778,"124H spray",793.437240603805,2.08265175730639,2.13538092397312
"124L_aM","124L","aM","vow","vowh","spray",798.867944128788,798.934525,"124L spray",796.523749470693,2.34419465809435,2.41077552930653
"126H_aM","126H","aM","0","1","strap",802.160159722222,802.355949275791,"126H strap",800.097061682663,2.06309803955912,2.25888759312738
"126L_aM","126L","aM","0","1","strap",805.383377314815,805.54296412037,"126L strap",803.220247829663,2.16312948515133,2.32271629070692
"127H_aM","127H","aM","0","1","swamps",808.367577284946,808.816888020833,"127H swamps",806.337856991758,2.02972029318801,2.47903102907514
"127L_aM","127L","aM","0","1","swamps",811.680671527778,812.145816287879,"127L swamps",809.67477605259,2.00589547518746,2.47104023528834
"128H_aM","128H","aM","0","1","swan",815.196058035714,815.360572916667,"128H swan",813.00963706064,2.18642097507472,2.35093585602715
"128L_aM","128L","aM","0","1","swan",818.172692966172,818.33203125,"128L swan",816.304961827253,1.86773113891843,2.02706942274688
"129H_aM","129H","aM","vow","vowh","tea",821.223545673077,821.301897321429,"129H tea",819.094531290877,2.12901438220001,2.20736603055173
"129L_aM","129L","aM","vow","vowh","tea",824.390455357143,824.439393995098,"129L tea",822.166974595618,2.22348076152446,2.27241939947953
"130H_aM","130H","aM","0","1","tent",827.041428107923,827.408772411616,"130H tent",825.283157883478,1.75827022444525,2.12561452813793
"130L_aM","130L","aM","0","1","tent",829.949947916667,830.291416666667,"130L tent",828.203609364745,1.74633855192133,2.08780730192143
"131H_aM","131H","aM","0","1","thief",832.964037660256,833.236807291667,"131H thief",831.110068328993,1.85396933126333,2.12673896267347
"131L_aM","131L","aM","0","1","thief",836.07420625,836.333113541667,"131L thief",833.873497902126,2.20070834787418,2.45961563954086
"132H_aM","132H","aM","0","1","thorns",839.364141401753,839.685278935185,"132H thorns",837.055415925246,2.30872547650699,2.62986300993953
"132L_aM","132L","aM","0","1","thorns",843.148363998721,843.493549768519,"132L thorns",840.838340549278,2.3100234494425,2.65520921924019
"133H_aM","133H","aM","0","1","throat",846.449673878205,846.674749271231,"133H throat",844.332899893335,2.11677398486995,2.34184937789587
"133L_aM","133L","aM","0","1","throat",849.396485677083,849.632441964286,"133L throat",847.556940656518,1.83954502056486,2.07550130776713
"134H_aM","134H","aM","0","1","tin",852.324016544118,852.450208333333,"134H tin",850.336893662688,1.98712288143008,2.11331467064576
"134L_aM","134L","aM","0","1","tin",855.123793311403,855.256905344203,"134L tin",853.343695470596,1.78009784080723,1.91320987360655
"136H_aM","136H","aM","0","1","trail",857.974038523918,858.172380608974,"136H trail",856.165573357534,1.80846516638485,2.00680725144082
"136L_aM","136L","aM","0","1","trail",860.913977481618,861.035870535714,"136L trail",859.03284827052,1.88112921109757,2.0030222651942
"137H_aM","137H","aM","0","1","trap",863.838947958598,864.059185416667,"137H trap",861.815810772587,2.02313718601033,2.24337464407915
"137L_aM","137L","aM","0","1","trap",867.239048051075,867.396273089961,"137L trap",865.077953559373,2.16109449170199,2.31831953058793
"138H_aM","138H","aM","0","1","truck",871.226184758772,871.457256944444,"138H truck",868.490719395357,2.7354653634153,2.96653754908778
"138L_aM","138L","aM","0","1","truck",874.68572496345,874.961753472222,"138L truck",872.736573721935,1.94915124151532,2.22517975028723
"139H_aM","139H","aM","0","1","tub",878.050564583333,878.238122916667,"139H tub",875.959120497404,2.09144408592886,2.27900241926216
"139L_aM","139L","aM","0","1","tub",881.411650122549,881.587241185897,"139L tub",879.03066513882,2.38098498372904,2.55657604707744
"140H_aM","140H","aM","0","1","van",885.28641426282,885.454916666667,"140H van",882.690679766231,2.59573449658967,2.76423690043589
"140L_aM","140L","aM","0","1","van",889.390231095679,889.48578125,"140L van",886.804313611132,2.58591748454739,2.68146763886841
"141H_aM","141H","aM","0","1","wax",893.274644153226,893.587632638889,"141H wax",890.939528992008,2.33511516121769,2.64810364688071
"141L_aM","141L","aM","0","1","wax",896.552072010869,896.827474702381,"141L wax",894.612550541878,1.9395214689913,2.21492416050285
"2H_aNM","2H","aNM","0","1","barn",2.30226400862069,2.40803615892136,"2H barn",0.379122828788681,1.92314117983201,2.02891333013268
"2L_aNM","2L","aNM","0","1","barn",5.27857577614379,5.39512774122807,"2L barn",3.52669703488371,1.75187874126008,1.86843070634436
"3H_aNM","3H","aNM","vow","vowh","bay",8.62422652363184,8.6820719004065,"3H bay",6.73116373020444,1.8930627934274,1.95090817020206
"3L_aNM","3L","aNM","vow","vowh","bay",12.0192626329787,12.0411270833333,"3L bay",9.66789003769997,2.35137259527875,2.37323704563336
"4H_aNM","4H","aNM","0","1","beak",16.124009469697,16.3660615530303,"4H beak",13.7671722102852,2.35683725941175,2.59888934274508
"4L_aNM","4L","aNM","0","1","beak",19.8139730603448,19.9994767012086,"4L beak",17.6105483299337,2.20342473041114,2.38892837127489
"5H_aNM","5H","aNM","0","1","beam",23.4665739087302,23.5793368055556,"5H beam",21.3429292021341,2.12364470659602,2.23640760342142
"5L_aNM","5L","aNM","0","1","beam",27.2141672453704,27.3390501893939,"5L beam",25.0706115325982,2.14355571277218,2.26843865679574
"7H_aNM","7H","aNM","0","1","bend",30.7353217905405,31.0241310307017,"7H bend",28.7760259677635,1.95929582277699,2.2481050629382
"7L_aNM","7L","aNM","0","1","bend",34.254089781746,34.55000625,"7L bend",32.1620122175215,2.09207756422451,2.38799403247848
"8H_aNM","8H","aNM","0","1","blame",38.088349847561,38.204509375,"8H blame",35.828578983821,2.25977086373999,2.37593039117901
"8L_aNM","8L","aNM","0","1","blame",41.4735959547809,41.5592495471015,"8L blame",39.7315012521769,1.74209470260397,1.82774829492452
"9H_aNM","9H","aNM","0","1","blast",44.7384720833333,45.0203628472222,"9H blast",42.5039925778269,2.23447950550646,2.51637026939535
"9L_aNM","9L","aNM","0","1","blast",48.2739235119048,48.5553136574074,"9L blast",46.418511857238,1.85541165466676,2.13680180016941
"10H_aNM","10H","aNM","0","1","bowl",52.280708912037,52.4389270833333,"10H bowl",50.03434984464,2.24635906739703,2.40457723869333
"10L_aNM","10L","aNM","0","1","bowl",56.0997529481132,56.2724237938597,"10L bowl",53.8118570184936,2.28789592961962,2.46056677536607
"11H_aNM","11H","aNM","0","1","brat",59.8057486413043,60.031287037037,"11H brat",57.6719130634741,2.13383557783027,2.35937397356296
"11L_aNM","11L","aNM","0","1","brat",63.3143608870968,63.5399450757576,"11L brat",61.255358895653,2.05900199144373,2.28458618010453
"12H_aNM","12H","aNM","0","1","bread",67.3887834855941,67.5320069444444,"12H bread",65.0907688181014,2.29801466749268,2.44123812634301
"12L_aNM","12L","aNM","0","1","bread",70.7147187992087,70.8671546474359,"12L bread",68.8470729877254,1.86764581148329,2.0200816597105
"13H_aNM","13H","aNM","0","1","breath",74.18815625,74.4059517045454,"13H breath",71.874802887557,2.31335336244297,2.53114881698841
"13L_aNM","13L","aNM","0","1","breath",78.3122618316043,78.5101257440476,"13L breath",75.7427255559582,2.56953627564606,2.76740018808938
"14H_aNM","14H","aNM","0","1","broom",81.2509958333333,81.3607940155835,"14H broom",79.1721413636212,2.07885446971213,2.18865265196224
"14L_aNM","14L","aNM","0","1","broom",84.7528776785714,84.8407354166667,"14L broom",82.2933383480334,2.45953933053806,2.54739706863329
"15H_aNM","15H","aNM","0","1","bruise",88.67072265625,88.8786377314815,"15H bruise",86.4378333938505,2.23288926239954,2.44080433763102
"15L_aNM","15L","aNM","0","1","bruise",92.7121779166667,92.8785377155172,"15L bruise",90.6486205157531,2.06355740091354,2.22991719976412
"16H_aNM","16H","aNM","0","1","cake",96.5708715277778,96.7917433712121,"16H cake",93.946756495182,2.62411503259582,2.84498687603016
"16L_aNM","16L","aNM","0","1","cake",100.647600328947,100.889959027778,"16L cake",98.2148755518392,2.43272477710816,2.67508347593858
"17H_aNM","17H","aNM","0","1","calf",104.404068298833,104.607303308824,"17H calf",101.868113020368,2.53595527846554,2.73919028845602
"17L_aNM","17L","aNM","0","1","calf",108.771272602201,109.035623958333,"17L calf",106.077719888491,2.69355271370988,2.95790406984196
"19H_aNM","19H","aNM","0","1","chat",111.976517596205,112.23096875,"19H chat",109.923698259281,2.05281933692387,2.30727049071906
"19L_aNM","19L","aNM","0","1","chat",116.317989583333,116.503389384921,"19L chat",113.956527855502,2.36146172783123,2.54686152941852
"20H_aNM","20H","aNM","0","1","chunks",120.108123355263,120.480538665254,"20H chunks",118.199443420609,1.90867993465376,2.28109524464485
"20L_aNM","20L","aNM","0","1","chunks",124.356333881579,124.745910416667,"20L chunks",122.03488997643,2.32144390514885,2.71102044023658
"21H_aNM","21H","aNM","0","1","clerk",129.006406862745,129.191782758949,"21H clerk",126.467190051938,2.5392168108071,2.72459270701104
"21L_aNM","21L","aNM","0","1","clerk",133.10810028233,133.28181375,"21L clerk",130.91331654263,2.19478373969966,2.36849720736967
"22H_aNM","22H","aNM","0","1","cliff",137.332483566995,137.551452083333,"22H cliff",135.142820527731,2.18966303926453,2.40863155560265
"22L_aNM","22L","aNM","0","1","cliff",140.700755110612,140.948427408216,"22L cliff",138.943297271828,1.75745783878395,2.00513013638812
"23H_aNM","23H","aNM","0","1","clock",143.775651174265,144.029122916667,"23H clock",142.001768215982,1.77388295828283,2.02735470068433
"23L_aNM","23L","aNM","0","1","clock",147.505572916667,147.77040779321,"23L clock",145.272874184915,2.23269873175144,2.49753360829465
"24H_aNM","24H","aNM","vow","vowh","clue",151.219543462644,151.260393995098,"24H clue",148.704322513335,2.51522094930823,2.55607148176259
"24L_aNM","24L","aNM","vow","vowh","clue",154.68753459854,154.742453125,"24L clue",152.452696382368,2.23483821617191,2.28975674263171
"25H_aNM","25H","aNM","0","1","coach",158.458405555556,158.768524305556,"25H coach",156.417613753676,2.04079180187929,2.35091055187931
"25L_aNM","25L","aNM","0","1","coach",163.238401785714,163.544464583333,"25L coach",160.803503962596,2.43489782311818,2.74096062073724
"26H_aNM","26H","aNM","0","1","coast",166.488967083333,166.763901041667,"26H coast",164.924724599062,1.56424248427095,1.83917644260427
"26L_aNM","26L","aNM","0","1","coast",170.823457720588,171.117927083333,"26L coast",168.512586493175,2.31087122741286,2.60534059015799
"27H_aNM","27H","aNM","0","1","coin",175.081432565789,175.181541666667,"27H coin",172.690220127251,2.39121243853853,2.49132153941574
"27L_aNM","27L","aNM","0","1","coin",178.328639166667,178.43851875,"27L coin",176.155349429986,2.17328973668026,2.2831693200136
"28H_aNM","28H","aNM","0","1","cops",182.297827891791,182.653635416667,"28H cops",180.184803422574,2.11302446921724,2.46883199409288
"28L_aNM","28L","aNM","0","1","cops",186.313447916667,186.662700367647,"28L cops",183.935087486767,2.3783604298998,2.7276128808802
"29H_aNM","29H","aNM","0","1","crash",190.059718005952,190.351285590278,"29H crash",187.895947056776,2.16377094917684,2.45533853350221
"29L_aNM","29L","aNM","0","1","crash",193.431477864583,193.764935416667,"29L crash",191.207130630078,2.22434723450579,2.55780478658914
"30H_aNM","30H","aNM","vow","vowh","crew",196.534285037879,196.618183712121,"30H crew",194.46742856453,2.06685647334848,2.1507551475909
"30L_aNM","30L","aNM","vow","vowh","crew",199.543716707516,199.65384672619,"30L crew",197.447503416561,2.0962132909556,2.20634330962974
"31H_aNM","31H","aNM","0","1","crib",202.861453246124,203.039900201613,"31H crib",201.051184848541,1.81026839758317,1.98871535307205
"31L_aNM","31L","aNM","0","1","crib",206.324575,206.524888888889,"31L crib",203.940775705462,2.38379929453831,2.58411318342721
"32H_aNM","32H","aNM","0","1","crop",210.075216435185,210.258414583333,"32H crop",207.947226013128,2.12799042205768,2.31118857020581
"32L_aNM","32L","aNM","0","1","crop",213.699944501366,213.898672916667,"32L crop",211.355410580989,2.34453392037744,2.54326233567798
"33H_aNM","33H","aNM","0","1","crown",217.355095905172,217.4420625,"33H crown",215.503419480858,1.85167642431472,1.93864301914229
"33L_aNM","33L","aNM","0","1","crown",220.412686011905,220.517559027778,"33L crown",218.514401237016,1.89828477488908,2.00315779076209
"35H_aNM","35H","aNM","0","1","curb",224.098034455128,224.239202546296,"35H curb",221.658865780043,2.4391686750856,2.58033676625371
"35L_aNM","35L","aNM","0","1","curb",227.885236111111,228.11379375,"35L curb",225.7490545513,2.13618155981126,2.36473919870014
"36H_aNM","36H","aNM","0","1","dart",231.243025201613,231.434189583333,"36H dart",229.075397252506,2.16762794910704,2.35879233082747
"36L_aNM","36L","aNM","0","1","dart",234.517787660256,234.716322916667,"36L dart",232.573367396731,1.94442026352547,2.14295551993573
"37H_aNM","37H","aNM","0","1","deck",237.292096064815,237.504068359375,"37H deck",235.729213056932,1.56288300788319,1.77485530244337
"37L_aNM","37L","aNM","0","1","deck",240.967472916667,241.219854166667,"37L deck",238.587983699158,2.37948921750882,2.63187046750883
"38H_aNM","38H","aNM","0","1","den",244.809552083333,244.911964285714,"38H den",242.363493655376,2.44605842795769,2.54847063033864
"38L_aNM","38L","aNM","0","1","den",248.796335416667,248.89784375,"38L den",246.703207816828,2.09312759983851,2.19463593317184
"39H_aNM","39H","aNM","0","1","dent",251.499682374339,251.8147578125,"39H dent",249.719610827055,1.78007154728314,2.09514698544453
"39L_aNM","39L","aNM","0","1","dent",254.844704861111,255.153344791667,"39L dent",252.933572207146,1.9111326539653,2.21977258452088
"40H_aNM","40H","aNM","0","1","ditch",258.044780618687,258.392678385417,"40H ditch",256.213773574431,1.83100704425544,2.17890481098527
"40L_aNM","40L","aNM","0","1","ditch",261.018402083333,261.30973046875,"40L ditch",259.193173128731,1.82522895460187,2.11655734001852
"41H_aNM","41H","aNM","0","1","dive",264.588515625,264.754887019231,"41H dive",262.518762322578,2.06975330242227,2.23612469665301
"41L_aNM","41L","aNM","0","1","dive",267.596674107143,267.767066337719,"41L dive",265.500014730126,2.09665937701652,2.26705160759303
"42H_aNM","42H","aNM","0","1","doll",270.390663001169,270.48753030303,"42H doll",268.462209625836,1.92845337533271,2.02532067719443
"42L_aNM","42L","aNM","0","1","doll",273.2074475,273.285024671053,"42L doll",271.236634440786,1.97081305921358,2.04839023026625
"43H_aNM","43H","aNM","0","1","dove",276.008168560606,276.225364583333,"43H dove",274.02318423976,1.98498432084619,2.20218034357345
"43L_aNM","43L","aNM","0","1","dove",279.045590725806,279.224451289557,"43L dove",277.066120149394,1.97947057641267,2.15833114016323
"44H_aNM","44H","aNM","0","1","draft",282.426462631834,282.694941885965,"44H draft",280.028775167688,2.39768746414552,2.66616671827683
"44L_aNM","44L","aNM","0","1","draft",286.499124795752,286.810297275641,"44L draft",283.981754572247,2.51737022350437,2.82854270339374
"45H_aNM","45H","aNM","0","1","drain",290.89859183114,291.003824519231,"45H drain",288.406018670419,2.49257316072146,2.5978058488119
"45L_aNM","45L","aNM","0","1","drain",295.21181712963,295.289226851852,"45L drain",292.707641371702,2.50417575792767,2.58158548014984
"46H_aNM","46H","aNM","0","1","drug",299.079614583333,299.24023125,"46H drug",296.797904243417,2.28171033991617,2.44232700658284
"46L_aNM","46L","aNM","0","1","drug",302.395947036024,302.540087622549,"46L drug",300.584176740806,1.81177029521751,1.9559108817428
"47H_aNM","47H","aNM","0","1","drum",305.926240740741,306.072635416667,"47H drum",303.722508419621,2.20373232111956,2.35012699704555
"47L_aNM","47L","aNM","0","1","drum",309.037912298387,309.160061011905,"47L drum",307.059477646273,1.97843465211423,2.10058336563191
"48H_aNM","48H","aNM","0","1","feast",312.067865927419,312.40434375,"48H feast",310.032550540718,2.03531538670114,2.3717932092818
"48L_aNM","48L","aNM","0","1","feast",315.011771990741,315.310222916667,"48L feast",313.280752093987,1.73101989675337,2.02947082267929
"50H_aNM","50H","aNM","0","1","flame",318.182014423077,318.272675925926,"50H flame",316.096177025893,2.08583739718426,2.17649890003332
"50L_aNM","50L","aNM","0","1","flame",321.88962375,321.990635416667,"50L flame",319.512881035932,2.37674271406792,2.47775438073461
"51H_aNM","51H","aNM","0","1","flock",325.089715909091,325.30366259058,"51H flock",322.998303443472,2.09141246561842,2.30535914710725
"51L_aNM","51L","aNM","0","1","flock",328.392505787037,328.595664583333,"51L flock",326.198260791059,2.19424499597767,2.39740379227396
"52H_aNM","52H","aNM","0","1","flood",331.905169407895,332.075171401515,"52H flood",329.867809092065,2.03736031582963,2.20736230944999
"52L_aNM","52L","aNM","0","1","flood",335.511158333333,335.683954861111,"52L flood",333.266982996447,2.2441753368866,2.41697186466433
"53H_aNM","53H","aNM","0","1","frogs",338.445920833333,338.739280381944,"53H frogs",336.747849385097,1.69807144823631,1.99143099684738
"53L_aNM","53L","aNM","0","1","frogs",342.310247023809,342.571920138889,"53L frogs",340.003053754879,2.30719326893046,2.56886638400982
"54H_aNM","54H","aNM","0","1","fudge",345.843237186578,346.228052083333,"54H fudge",343.683503471734,2.1597337148437,2.54454861159883
"54L_aNM","54L","aNM","0","1","fudge",349.511868259804,349.805872395833,"54L fudge",346.981188357616,2.53067990218813,2.82468403821758
"55H_aNM","55H","aNM","vow","vowh","fur",353.128200231481,353.1635,"55H fur",350.7250877644,2.40311246708166,2.4384122356002
"55L_aNM","55L","aNM","vow","vowh","fur",356.292800739247,356.328063657407,"55L fur",354.041971352618,2.25082938662899,2.28609230478907
"57H_aNM","57H","aNM","vow","vowh","glue",359.637113194444,359.674504041963,"57H glue",357.395833343139,2.24127985130553,2.27867069882416
"57L_aNM","57L","aNM","vow","vowh","glue",362.708171130952,362.796205163043,"57L glue",360.562655368214,2.14551576273834,2.2335497948294
"58H_aNM","58H","aNM","0","1","goal",365.795699269481,365.92143349359,"58H goal",363.720669034581,2.07503023489903,2.20076445900821
"58L_aNM","58L","aNM","0","1","goal",368.937056955645,369.08895625,"58L goal",366.975803396193,1.96125355945162,2.11315285380647
"59H_aNM","59H","aNM","0","1","gown",371.939526480924,372.04370625,"59H gown",370.024797000384,1.91472948053962,2.01890924961589
"59L_aNM","59L","aNM","0","1","gown",375.275461309524,375.358275694444,"59L gown",372.969916758915,2.30554455060906,2.38835893552965
"60H_aNM","60H","aNM","0","1","grin",378.937095430107,379.066860795455,"60H grin",376.55973467643,2.37736075367729,2.50712611902435
"60L_aNM","60L","aNM","0","1","grin",382.432693014706,382.554885971986,"60L grin",380.133050743463,2.29964227124321,2.42183522852287
"61H_aNM","61H","aNM","0","1","growl",385.780919407895,385.869582720588,"61H growl",383.639534297643,2.14138511025197,2.23004842294546
"61L_aNM","61L","aNM","0","1","growl",389.330595515537,389.44846875,"61L growl",387.396983199288,1.9336123162484,2.05148555071162
"62H_aNM","62H","aNM","vow","vowh","hay",392.697959280303,392.771620535714,"62H hay",390.59802184995,2.09993743035278,2.17359868576403
"62L_aNM","62L","aNM","vow","vowh","hay",395.548989583333,395.614567434211,"62L hay",393.861154086072,1.68783549726089,1.75341334813811
"63H_aNM","63H","aNM","0","1","hedge",398.637901041667,398.938421875,"63H hedge",396.417918863235,2.21998217843168,2.52050301176496
"63L_aNM","63L","aNM","0","1","hedge",401.749139583333,402.068922275641,"63L hedge",399.569211183138,2.17992840019542,2.49971109250311
"64H_aNM","64H","aNM","0","1","hen",405.084091796875,405.164064338235,"64H hen",403.012456291118,2.07163550575706,2.15160804711735
"64L_aNM","64L","aNM","0","1","hen",408.291434659091,408.402840073529,"64L hen",406.250072490239,2.04136216885166,2.15276758329014
"65H_aNM","65H","aNM","0","1","herd",412.069676630435,412.208975820285,"65H herd",409.71759691436,2.35207971607514,2.49137890592561
"65L_aNM","65L","aNM","0","1","herd",415.186841145833,415.321122258772,"65L herd",413.203937193456,1.98290395237751,2.11718506531611
"66H_aNM","66H","aNM","0","1","hint",418.530406881313,418.881055555556,"66H hint",416.264892865488,2.26551401582509,2.61616269006748
"66L_aNM","66L","aNM","0","1","hint",421.658849305556,421.995572916667,"66L hint",419.729378543716,1.92947076183953,2.26619437295068
"67H_aNM","67H","aNM","0","1","hips",425.125293311404,425.435566098485,"67H hips",422.951340185639,2.17395312576451,2.48422591284583
"67L_aNM","67L","aNM","0","1","hips",428.532548878205,428.845694385593,"67L hips",426.32184794431,2.21070093389477,2.5238464412829
"68H_aNM","68H","aNM","0","1","hive",432.260537660256,432.479605324074,"68H hive",430.047087403666,2.21345025659019,2.43251792040786
"68L_aNM","68L","aNM","0","1","hive",435.428413194444,435.640826822917,"68L hive",433.311301808074,2.11711138636997,2.3295250148422
"69H_aNM","69H","aNM","0","1","host",438.742923076923,439.064090544872,"69H host",436.350231864485,2.39269121243808,2.71385868038681
"69L_aNM","69L","aNM","0","1","host",442.277139945652,442.573762152778,"69L host",439.889341575719,2.38779836993319,2.6844205770588
"70H_aNM","70H","aNM","0","1","hug",445.664594381313,445.874787202381,"70H hug",443.706357216101,1.95823716521227,2.1684299862801
"70L_aNM","70L","aNM","0","1","hug",448.856634447674,449.091883101852,"70L hug",446.821028607459,2.03560584021528,2.27085449439267
"71H_aNM","71H","aNM","vow","vowh","jar",451.988978807471,452.057203215233,"71H jar",449.974951818772,2.01402698869913,2.08225139646044
"71L_aNM","71L","aNM","vow","vowh","jar",455.941739583333,456.012342239875,"71L jar",453.673922121147,2.26781746218631,2.33842011872787
"72H_aNM","72H","aNM","0","1","juice",458.987830569728,459.27733974359,"72H juice",457.019732523135,1.96809804659324,2.2576072204551
"72L_aNM","72L","aNM","0","1","juice",462.454397781206,462.713859375,"72L juice",460.350236222463,2.1041615587431,2.3636231525366
"73H_aNM","73H","aNM","0","1","junk",465.768922827061,466.049272916667,"73H junk",463.476560888689,2.2923619383721,2.57271202797784
"73L_aNM","73L","aNM","0","1","junk",469.137288541667,469.469578869048,"73L junk",467.041374527593,2.09591401407363,2.42820434145455
"74H_aNM","74H","aNM","0","1","kick",472.74433512931,472.973155208333,"74H kick",470.364333823005,2.38000130630519,2.60882138532816
"74L_aNM","74L","aNM","0","1","kick",476.232483630952,476.449527083333,"74L kick",473.781001429948,2.45148220100413,2.66852565338507
"75H_aNM","75H","aNM","0","1","knife",479.399709935897,479.678421327992,"75H knife",477.264232364024,2.13547757187303,2.41418896396743
"75L_aNM","75L","aNM","0","1","knife",482.947884191176,483.231018132716,"75L knife",480.641344553732,2.30653963744459,2.58967357898416
"76H_aNM","76H","aNM","0","1","knob",486.002774583333,486.165212339744,"76H knob",484.049999528538,1.95277505479584,2.11521281120611
"76L_aNM","76L","aNM","0","1","knob",489.160819345238,489.353629289216,"76L knob",487.22190663618,1.93891270905817,2.13172265303575
"78H_aNM","78H","aNM","0","1","lap",492.593506510417,492.8176125,"78H lap",490.30749891619,2.2860075942271,2.51011358381038
"78L_aNM","78L","aNM","0","1","lap",495.832065104167,496.05021412037,"78L lap",493.681115200417,2.15094990375013,2.36909891995384
"79H_aNM","79H","aNM","0","1","lid",499.266674558081,499.412552083333,"79H lid",497.198919648721,2.06775490935985,2.21363243461235
"79L_aNM","79L","aNM","0","1","lid",502.981880456349,503.140537137681,"79L lid",500.962947781253,2.01893267509666,2.1775893564286
"80H_aNM","80H","aNM","0","1","lock",506.110443948413,506.325583946078,"80H lock",503.98104960193,2.12939434648223,2.34453434414797
"80L_aNM","80L","aNM","0","1","lock",509.343635416667,509.586614583333,"80L lock",507.116388825535,2.22724659113186,2.47022575779852
"81H_aNM","81H","aNM","0","1","logs",512.643493589744,512.909727430556,"81H logs",510.434948319573,2.20854527017042,2.47477911098241
"81L_aNM","81L","aNM","0","1","logs",516.131612132353,516.417471565315,"81L logs",514.167896088982,1.96371604337071,2.24957547633312
"82H_aNM","82H","aNM","0","1","lungs",520.165685897436,520.504252604167,"82H lungs",517.537518405743,2.62816749169281,2.96673419842352
"82L_aNM","82L","aNM","0","1","lungs",524.305761111111,524.654653935185,"82L lungs",521.601949406377,2.70381170473399,3.05270452880814
"83H_aNM","83H","aNM","0","1","map",527.935691666667,528.165900694445,"83H map",525.62733080695,2.30836085971714,2.53856988749499
"83L_aNM","83L","aNM","0","1","map",531.703388392857,531.949495065789,"83L map",529.84400439068,1.85938400217719,2.10549067510954
"85H_aNM","85H","aNM","0","1","mat",535.538870265151,535.802476029445,"85H mat",533.302501253766,2.23636901138559,2.49997477567888
"85L_aNM","85L","aNM","0","1","mat",538.958489583333,539.170586805556,"85L mat",537.01773585582,1.94075372751297,2.15285094973524
"86H_aNM","86H","aNM","0","1","meal",542.352123804645,542.517361805556,"86H meal",540.486656689665,1.86546711497999,2.03070511589067
"86L_aNM","86L","aNM","0","1","meal",545.818106481481,545.96084375,"86L meal",543.348362900143,2.46974358133798,2.61248084985652
"87H_aNM","87H","aNM","0","1","mop",548.580455853175,548.828747916667,"87H mop",546.733319462547,1.84713639062795,2.09542845412
"87L_aNM","87L","aNM","0","1","mop",552.103296875,552.350999305556,"87L mop",549.992968761495,2.11032811350469,2.35803054406017
"88H_aNM","88H","aNM","0","1","mouse",555.454055404405,555.687895833333,"88H mouse",553.494481879737,1.95957352466735,2.19341395359595
"88L_aNM","88L","aNM","0","1","mouse",559.585711979167,559.837040509259,"88L mouse",557.20980470964,2.37590726952681,2.62723579961948
"89H_aNM","89H","aNM","0","1","mug",564.077319852941,564.261850160256,"89H mug",561.589422113692,2.48789773924921,2.67242804656451
"89L_aNM","89L","aNM","0","1","mug",567.705404166667,567.887283333333,"89L mug",565.179422778277,2.5259813883896,2.7078605550563
"90H_aNM","90H","aNM","0","1","net",571.469564583333,571.761600694444,"90H net",569.131979925133,2.33758465820051,2.6296207693116
"90L_aNM","90L","aNM","0","1","net",574.894358630952,575.149447916667,"90L net",572.936618934367,1.95773969658546,2.21282898229981
"91H_aNM","91H","aNM","0","1","notch",577.544743893678,577.891295138889,"91H notch",575.792503255539,1.75224063813891,2.09879188334969
"91L_aNM","91L","aNM","0","1","notch",580.827881510417,581.141811698718,"91L notch",578.691492012311,2.13638949810547,2.45031968640683
"93H_aNM","93H","aNM","0","1","pad",585.680647916667,585.841443331952,"93H pad",583.211262495583,2.46938542108376,2.63018083636882
"93L_aNM","93L","aNM","0","1","pad",589.629325731982,589.812133522727,"93L pad",587.255578209453,2.37374752252845,2.55655531327375
"94H_aNM","94H","aNM","0","1","pet",593.348581495098,593.57413125,"94H pet",591.062606486554,2.2859750085438,2.51152476344578
"94L_aNM","94L","aNM","0","1","pet",596.89753797043,597.13009252451,"94L pet",594.59637365499,2.30116431544002,2.53371886951982
"95H_aNM","95H","aNM","vow","vowh","pie",600.600065656566,600.666080128205,"95H pie",598.270765585075,2.32930007149048,2.39531454312987
"95L_aNM","95L","aNM","vow","vowh","pie",605.067725359341,605.1046875,"95L pie",602.336004325763,2.73172103357831,2.76868317423725
"96H_aNM","96H","aNM","0","1","pile",608.382607363861,608.470315972222,"96H pile",606.094132396004,2.28847496785772,2.37618357621864
"96L_aNM","96L","aNM","0","1","pile",611.651934859155,611.779185930118,"96L pile",609.69772902429,1.95420583486543,2.08145690582819
"97H_aNM","97H","aNM","0","1","pill",615.903321428571,616.039320833333,"97H pill",613.500779541738,2.40254188683343,2.53854129159527
"97L_aNM","97L","aNM","0","1","pill",620.011578018707,620.17468844697,"97L pill",617.723513621692,2.28806439701521,2.45117482527746
"98H_aNM","98H","aNM","0","1","pine",623.53564525463,623.691620710628,"98H pine",621.106798550852,2.42884670377714,2.58482215977517
"98L_aNM","98L","aNM","0","1","pine",627.610613239247,627.742246767345,"98L pine",625.720421349274,1.89019188997293,2.02182541807019
"99H_aNM","99H","aNM","0","1","plot",631.461248161765,631.711829166667,"99H plot",629.565366519476,1.89588164228815,2.14646264719011
"99L_aNM","99L","aNM","0","1","plot",634.413724583333,634.683545138889,"99L plot",632.789707698078,1.62401688525563,1.89383744081124
"100H_aNM","100H","aNM","0","1","pole",637.315550595238,637.432885416667,"100H pole",635.475380583592,1.84017001164636,1.95750483307495
"100L_aNM","100L","aNM","0","1","pole",640.64853825431,640.809885416667,"100L pole",639.067412367998,1.58112588631241,1.74247304866878
"101H_aNM","101H","aNM","unclear","1","pool",644.603899157801,644.763578869048,"101H pool",642.030913280967,2.57298587683465,2.73266558808075
"101L_aNM","101L","aNM","unclear","1","pool",648.043638119319,648.277397569444,"101L pool",646.166638779407,1.87699933991246,2.11075879003749
"102H_aNM","102H","aNM","0","1","prize",651.901274583333,652.114831845238,"102H prize",649.309582945886,2.59169163744718,2.80524889935191
"102L_aNM","102L","aNM","0","1","prize",656.104736805555,656.303627314815,"102L prize",653.873338025736,2.23139877981976,2.43028928907904
"103H_aNM","103H","aNM","0","1","raft",661.084427061966,661.375039011907,"103H raft",658.208818897145,2.87560816482141,3.16622011476261
"103L_aNM","103L","aNM","0","1","raft",664.460173225309,664.729033653846,"103L raft",662.257109516701,2.20306370860771,2.47192413714515
"104H_aNM","104H","aNM","0","1","rent",668.780861585731,669.124810529279,"104H rent",666.554663343957,2.2261982417748,2.57014718532253
"104L_aNM","104L","aNM","0","1","rent",672.367529207516,672.712198424797,"104L rent",670.213106787317,2.15442242019924,2.49909163747964
"105H_aNM","105H","aNM","0","1","rim",675.938637310606,676.09744375,"105H rim",673.656791511556,2.28184579905042,2.44065223844427
"105L_aNM","105L","aNM","0","1","rim",680.417020220588,680.551122916667,"105L rim",677.958388178976,2.45863204161253,2.59273473769088
"107H_aNM","107H","aNM","0","1","rope",683.320360164141,683.551289186508,"107H rope",681.303227126539,2.01713303760255,2.24806205996902
"107L_aNM","107L","aNM","0","1","rope",686.805495416667,687.020203125,"107L rope",684.607547376506,2.1979480401609,2.41265574849433
"108H_aNM","108H","aNM","vow","vowh","no",690.251421648551,690.297789475599,"108H no",687.750853898614,2.50056774993698,2.54693557698533
"108L_aNM","108L","aNM","vow","vowh","no",693.64590625,693.692507575758,"108L no",691.241817672406,2.40408857759417,2.45068990335176
"109H_aNM","109H","aNM","0","1","sand",696.570430706522,696.851815104167,"109H sand",694.663052874359,1.90737783216287,2.18876222980771
"109L_aNM","109L","aNM","0","1","sand",699.802800646552,700.058780416667,"109L sand",697.672296024005,2.13050462254682,2.38648439266183
"110H_aNM","110H","aNM","0","1","scab",703.054418025362,703.212901041667,"110H scab",700.89775299556,2.15666502980173,2.31514804610606
"110L_aNM","110L","aNM","0","1","scab",705.994474537037,706.156916666667,"110L scab",703.968819623032,2.02565491400537,2.18809704363503
"111H_aNM","111H","aNM","0","1","seeds",708.87273375,709.13918844697,"111H seeds",706.930466845099,1.94226690490063,2.20872160187037
"111L_aNM","111L","aNM","0","1","seeds",711.54653587963,711.848739583333,"111L seeds",709.819487613386,1.72704826624374,2.0292519699475
"112H_aNM","112H","aNM","0","1","shed",714.538447916667,714.701829326923,"112H shed",712.555888193298,1.98255972336915,2.14594113362557
"112L_aNM","112L","aNM","0","1","shed",717.722884672619,717.968825028736,"112L shed",715.580262615505,2.1426220571135,2.38856241323072
"113H_aNM","113H","aNM","0","1","sheep",720.685693287037,720.89521875,"113H sheep",718.618627725637,2.06706556139955,2.27659102436257
"113L_aNM","113L","aNM","0","1","sheep",723.395121697154,723.668481770833,"113L sheep",721.608408134236,1.78671356291795,2.06007363659683
"114H_aNM","114H","aNM","0","1","silk",726.447620065789,726.756648809524,"114H silk",724.628183575529,1.81943649026061,2.12846523399492
"114L_aNM","114L","aNM","0","1","silk",729.381373397436,729.683739583333,"114L silk",727.533082856237,1.84829054119893,2.15065672709648
"115H_aNM","115H","aNM","0","1","skirt",732.805587711353,733.052277777778,"115H skirt",730.631199777951,2.17438793340182,2.42107799982693
"115L_aNM","115L","aNM","0","1","skirt",736.086675347222,736.279734375,"115L skirt",734.003311100201,2.08336424702134,2.2764232747993
"116H_aNM","116H","aNM","0","1","sleeves",739.486514322917,739.736649583333,"116H sleeves",737.141046912716,2.34546741020029,2.59560267061704
"116L_aNM","116L","aNM","0","1","sleeves",742.937401721014,743.204714583333,"116L sleeves",740.636552450233,2.30084927078144,2.56816213310026
"117H_aNM","117H","aNM","0","1","slice",746.337891292735,746.601853125,"117H slice",744.234874114529,2.10301717820619,2.36697901047114
"117L_aNM","117L","aNM","0","1","slice",750.085185704023,750.359088107639,"117L slice",747.846810198757,2.23837550526639,2.51227790888231
"118H_aNM","118H","aNM","0","1","sling",753.57263640873,753.71971875,"118H sling",751.420486214292,2.15215019443815,2.29923253570792
"118L_aNM","118L","aNM","0","1","sling",757.126977083333,757.286466557017,"118L sling",754.798116601553,2.32886048178011,2.48834995546429
"119H_aNM","119H","aNM","0","1","splash",760.608793311403,760.879824583333,"119H splash",758.438131652765,2.17066165863844,2.44169293056825
"119L_aNM","119L","aNM","0","1","splash",764.106557123656,764.36346875,"119L splash",761.999241340294,2.10731578336174,2.36422740970579
"120H_aNM","120H","aNM","0","1","sponge",767.4817625,767.904595186782,"120H sponge",765.272022027532,2.20974047246841,2.63257315925011
"120L_aNM","120L","aNM","0","1","sponge",771.083799331761,771.472863541667,"120L sponge",769.132201658602,1.95159767315954,2.34066188306508
"121H_aNM","121H","aNM","0","1","spool",774.384707989927,774.632309758772,"121H spool",772.546481843415,1.83822614651137,2.08582791535662
"121L_aNM","121L","aNM","0","1","spool",777.843466696009,778.065289583333,"121L spool",775.750352442827,2.09311425318265,2.31493714050657
"122H_aNM","122H","aNM","0","1","spoon",781.108224702381,781.27287962963,"122H spoon",779.107107547346,2.00111715503465,2.1657720822833
"122L_aNM","122L","aNM","0","1","spoon",784.418255015432,784.523612916667,"122L spoon",782.207161138693,2.21109387673891,2.3164517779735
"123H_aNM","123H","aNM","0","1","sport",788.433168595679,788.614960737179,"123H sport",786.08629561576,2.34687297991877,2.52866512141918
"123L_aNM","123L","aNM","0","1","sport",791.842600694444,792.037479166667,"123L sport",789.618814270298,2.22378642414662,2.41866489636891
"124H_aNM","124H","aNM","vow","vowh","spray",794.884567434211,794.984446759259,"124H spray",792.789240698554,2.09532673565639,2.19520606070512
"124L_aNM","124L","aNM","vow","vowh","spray",798.238200604839,798.352239080439,"124L spray",795.875751342888,2.36244926195047,2.47648773755043
"126H_aNM","126H","aNM","0","1","strap",801.479539583333,801.685807112069,"126H strap",799.449061797354,2.03047778597966,2.23674531471534
"126L_aNM","126L","aNM","0","1","strap",804.722287326389,804.924827818627,"126L strap",802.572246975448,2.15004035094091,2.35258084317945
"127H_aNM","127H","aNM","0","1","swamps",807.691897916667,808.054878472222,"127H swamps",805.689903518923,2.00199439774349,2.364974953299
"127L_aNM","127L","aNM","0","1","swamps",811.037853219697,811.457245523707,"127L swamps",809.026773503493,2.01107971620354,2.43047202021319
"128H_aNM","128H","aNM","0","1","swan",814.556035282258,814.684028428707,"128H swan",812.361648659722,2.19438662253629,2.32237976898523
"128L_aNM","128L","aNM","0","1","swan",817.525480846774,817.64835,"128L swan",815.656973321883,1.86850752489102,1.99137667811681
"129H_aNM","129H","aNM","vow","vowh","tea",820.5806609375,820.682582997312,"129H tea",818.44652683425,2.13413410324995,2.2360561630619
"129L_aNM","129L","aNM","vow","vowh","tea",823.74412875,823.825275297619,"129L tea",821.51898163989,2.22514711011036,2.30629365772938
"130H_aNM","130H","aNM","0","1","tent",826.440180654762,826.754547916667,"130H tent",824.635170760012,1.80500989475036,2.1193771566551
"130L_aNM","130L","aNM","0","1","tent",829.313565625,829.667001157407,"130L tent",827.555609267628,1.75795635737188,2.11139188977927
"131H_aNM","131H","aNM","0","1","thief",832.329454861111,832.563041666667,"131H thief",830.46204365212,1.8674112089908,2.10099801454646
"131L_aNM","131L","aNM","0","1","thief",835.468959187158,835.70316889881,"131L thief",833.225569705268,2.24338948188995,2.4775991935411
"132H_aNM","132H","aNM","0","1","thorns",838.702762310606,839.009569444444,"132H thorns",836.407398426183,2.29536388442295,2.6021710182614
"132L_aNM","132L","aNM","0","1","thorns",842.500760416667,842.797674395161,"132L thorns",840.190344840638,2.31041557602828,2.60732955452295
"133H_aNM","133H","aNM","0","1","throat",845.797479166667,846.00195,"133H throat",843.684795601729,2.1126835649377,2.31715439827099
"133L_aNM","133L","aNM","0","1","throat",848.760311921296,848.999957175926,"133L throat",846.908945666285,1.8513662550107,2.09101150964045
"134H_aNM","134H","aNM","0","1","tin",851.672038194444,851.803890046296,"134H tin",849.688896721071,1.98314147337294,2.11499332522487
"134L_aNM","134L","aNM","0","1","tin",854.450751041667,854.604622299383,"134L tin",852.695685735091,1.75506530657594,1.90893656429193
"136H_aNM","136H","aNM","0","1","trail",857.342165178571,857.463977083333,"136H trail",855.517579528691,1.82458564988008,1.94639755464186
"136L_aNM","136L","aNM","0","1","trail",860.246736302493,860.371568948413,"136L trail",858.384840453268,1.86189584922545,1.98672849514469
"137H_aNM","137H","aNM","0","1","trap",863.179223557692,863.374749451754,"137H trap",861.167817664071,2.01140589362126,2.20693178768329
"137L_aNM","137L","aNM","0","1","trap",866.621186124214,866.829474702381,"137L trap",864.433924711757,2.18726141245668,2.39554999062375
"138H_aNM","138H","aNM","0","1","truck",870.631212083333,870.871107638889,"138H truck",867.869868217982,2.76134386535102,3.00123942090659
"138L_aNM","138L","aNM","0","1","truck",874.05193125,874.30640379902,"138L truck",872.088582050852,1.96334919914773,2.21782174816724
"139H_aNM","139H","aNM","0","1","tub",877.391131740196,877.532585597826,"139H tub",875.311116815989,2.08001492420692,2.22146878183685
"139L_aNM","139L","aNM","0","1","tub",880.75225094697,880.924913194444,"139L tub",878.3826583883,2.36959255866986,2.54225480614446
"140H_aNM","140H","aNM","0","1","van",884.639291213768,884.77465625,"140H van",882.042652973072,2.59663824069651,2.73200327692848
"140L_aNM","140L","aNM","0","1","van",888.750587916667,888.87428422619,"140L van",886.156294106329,2.59429381033806,2.71799011986184
"141H_aNM","141H","aNM","0","1","wax",892.611915783898,892.957665364583,"141H wax",890.29151184498,2.32040393891862,2.66615351960377
"141L_aNM","141L","aNM","0","1","wax",895.886884320175,896.21858912037,"141L wax",893.964556194288,1.92232812588725,2.25403292608223
