"combine","sentence_label","start_1","start_n","end_1","end_n","beep","length1","length2","length3"
"2H barn","2H_aM",1.97,2.33,2.06,2.45,0.364132753237326,1.60586724676267,1.69586724676267,2.08586724676267
"2L barn","2L_aM",5.007,5.377,5.087,5.477,3.51170023214436,1.49529976785564,1.57529976785564,1.96529976785564
"3H bay","3H_aM",8.342,8.422,8.422,8.792,6.71629025238852,1.62570974761148,1.70570974761148,2.07570974761148
"3L bay","3L_aM",11.7229,11.8129,11.8129,12.1529,9.6529399330924,2.0699600669076,2.1599600669076,2.4999600669076
"4H beak","4H_aM",15.8719,16.1719,15.9619,16.3919,13.7522270278938,2.11967297210624,2.20967297210624,2.63967297210624
"4L beak","4L_aM",19.5029,19.8129,19.5929,19.9929,17.5955677580951,1.90733224190494,1.99733224190494,2.39733224190493
"5H beam","5H_aM",23.3759,23.5959,23.4359,23.7559,21.327934500054,2.047965499946,2.107965499946,2.427965499946
"5L beam","5L_aM",26.9548,27.1948,27.0248,27.3448,25.0556561422884,1.89914385771163,1.96914385771163,2.28914385771163
"7H bend","7H_aM",30.6318,31.0018,30.7318,31.1418,28.7610160439257,1.87078395607425,1.97078395607425,2.38078395607425
"7L bend","7L_aM",34.0488,34.4188,34.1488,34.6088,32.1470368712986,1.90176312870144,2.00176312870144,2.46176312870144
"8H blame","8H_aM",37.8678,38.2078,37.9478,38.3078,35.8136476976634,2.0541523023366,2.1341523023366,2.49415230233659
"8L blame","8L_aM",41.1168,41.4868,41.2068,41.6468,39.7315195213643,1.38528047863569,1.4752804786357,1.91528047863569
"9H blast","9H_aM",44.3857,44.9357,44.4757,45.0657,42.4891155379564,1.89658446204357,1.98658446204357,2.57658446204357
"9L blast","9L_aM",47.9427,48.5127,48.0227,48.6527,46.418522847755,1.52417715224495,1.60417715224495,2.23417715224495
"10H bowl","10H_aM",51.9597,52.3297,52.0797,52.4997,50.0193854076708,1.9403145923292,2.06031459232921,2.4803145923292
"10L bowl","10L_aM",55.8767,56.2367,55.9867,56.3767,53.7969160378751,2.07978396212494,2.18978396212494,2.57978396212494
"11H brat","11H_aM",59.5437,59.8437,59.6437,60.0637,57.6570029066324,1.88669709336763,1.98669709336763,2.40669709336763
"11L brat","11L_aM",63.0226,63.3426,63.1226,63.6026,61.2404121843729,1.78218781562705,1.88218781562706,2.36218781562706
"12H bread","12H_aM",67.1156,67.4456,67.2156,67.6356,65.0757778302244,2.03982216977565,2.13982216977564,2.55982216977564
"12L bread","12L_aM",70.4626,70.7726,70.5526,70.9426,68.8321005117311,1.63049948826885,1.72049948826886,2.11049948826886
"13H breath","13H_aM",73.8716,74.1816,73.9716,74.2116,71.859850494666,2.011749505334,2.11174950533399,2.351749505334
"13L breath","13L_aM",78.0366,78.3566,78.1366,78.4266,75.742881808176,2.29371819182404,2.39371819182404,2.68371819182403
"14H broom","14H_aM",80.8735,81.2235,80.9735,81.3535,79.1721287039619,1.70137129603813,1.80137129603813,2.18137129603812
"14L broom","14L_aM",84.4265,84.8265,84.5365,84.9165,82.2783673072344,2.14813269276561,2.25813269276561,2.63813269276561
"15H bruise","15H_aM",88.3095,88.7195,88.4095,88.9195,86.4228804099809,1.88661959001914,1.98661959001913,2.49661959001914
"15L bruise","15L_aM",92.3245,92.7745,92.4345,92.9345,90.6486317787956,1.67586822120437,1.78586822120437,2.28586822120437
"16H cake","16H_aM",96.3075,96.5775,96.4375,96.7475,93.9317722744069,2.37572772559309,2.50572772559309,2.81572772559309
"16L cake","16L_aM",100.3304,100.6404,100.4604,100.8504,98.1999126122409,2.13048738775908,2.26048738775908,2.65048738775907
"17H calf","17H_aM",104.0974,104.4274,104.2274,104.5674,101.85318087422,2.24421912578029,2.3742191257803,2.7142191257803
"17L calf","17L_aM",108.4404,108.8004,108.5604,108.8604,106.077730136179,2.36266986382067,2.48266986382068,2.78266986382067
"19H chat","19H_aM",111.6554,111.9554,111.8054,112.1954,109.908762235615,1.74663776438535,1.89663776438536,2.28663776438536
"19L chat","19L_aM",115.9904,116.2904,116.1404,116.5204,113.941552572718,2.04884742728203,2.19884742728203,2.57884742728203
"20H chunks","20H_aM",119.9593,120.4793,120.1293,120.6193,118.184471503378,1.77482849662235,1.94482849662235,2.43482849662234
"20L chunks","20L_aM",124.2323,124.7123,124.3823,124.8723,122.01987358387,2.21242641612974,2.36242641612975,2.85242641612975
"21H clerk","21H_aM",128.6773,129.0573,128.7773,129.2673,126.452269240163,2.22503075983654,2.32503075983654,2.81503075983655
"21L clerk","21L_aM",132.6963,133.0963,132.8063,133.2663,130.922361272535,1.77393872746458,1.88393872746457,2.34393872746458
"22H cliff","22H_aM",137.0153,137.2853,137.1253,137.5353,135.151869925959,1.86343007404145,1.97343007404146,2.38343007404146
"22L cliff","22L_aM",140.6662,140.9262,140.7662,140.9762,138.952307839715,1.71389216028527,1.81389216028526,2.02389216028527
"23H clock","23H_aM",143.5032,143.7732,143.6132,143.9632,141.986812733773,1.51638726622701,1.62638726622703,1.97638726622702
"23L clock","23L_aM",147.3262,147.5562,147.4262,147.8062,145.257900915409,2.06829908459108,2.16829908459107,2.54829908459106
"24H clue","24H_aM",150.7652,150.9652,150.8952,151.2152,148.665363524521,2.09983647547915,2.22983647547915,2.54983647547917
"24L clue","24L_aM",154.2982,154.4782,154.4282,154.7482,152.437740415306,1.86045958469433,1.99045958469432,2.31045958469431
"25H coach","25H_aM",158.2271,158.5271,158.3671,158.8171,156.426621223949,1.80047877605051,1.9404787760505,2.39047877605051
"25L coach","25L_aM",163.0321,163.3521,163.1721,163.5921,160.812533350985,2.21956664901549,2.35956664901548,2.77956664901546
"26H coast","26H_aM",166.2731,166.7631,166.4131,166.9031,164.933746277628,1.33935372237204,1.47935372237203,1.96935372237203
"26L coast","26L_aM",170.5521,171.0321,170.7021,171.1621,168.521628392635,2.03047160736477,2.18047160736478,2.64047160736479
"27H coin","27H_aM",174.729,175.149,174.839,175.289,172.738267171961,1.990732828039,2.10073282803899,2.55073282803897
"27L coin","27L_aM",178.178,178.548,178.288,178.698,176.188402084509,1.989597915491,2.09959791549102,2.50959791549101
"28H cops","28H_aM",182.093,182.503,182.213,182.693,180.232803485364,1.86019651463567,1.98019651463568,2.4601965146357
"28L cops","28L_aM",186.1,186.52,186.22,186.66,183.968124590336,2.13187540966402,2.25187540966402,2.69187540966402
"29H crash","29H_aM",189.831,190.151,189.921,190.181,187.929037694963,1.90196230503707,1.99196230503708,2.2519623050371
"29L crash","29L_aM",193.2939,193.6539,193.3939,193.8539,191.240180697094,2.0537193029059,2.1537193029059,2.61371930290591
"30H crew","30H_aM",196.3049,196.4749,196.4049,196.6949,194.515450181881,1.78944981811881,1.88944981811881,2.1794498181188
"30L crew","30L_aM",199.2659,199.4559,199.3859,199.7059,197.480546531759,1.7853534682406,1.90535346824061,2.22535346824063
"31H crib","31H_aM",202.7149,202.9949,202.8249,203.0249,201.084183751997,1.6307162480027,1.74071624800271,1.9407162480027
"31L crib","31L_aM",206.1079,206.4179,206.2379,206.4679,203.973811036832,2.13408896316815,2.26408896316815,2.49408896316814
"32H crop","32H_aM",209.9108,210.1908,210.0308,210.4108,207.980282461659,1.93051753834129,2.0505175383413,2.43051753834129
"32L crop","32L_aM",213.4098,213.6698,213.5198,213.8998,211.364461802721,2.04533819727922,2.15533819727924,2.53533819727923
"33H crown","33H_aM",216.9348,217.3048,217.0348,217.4348,215.512483373832,1.42231662616803,1.52231662616802,1.92231662616803
"33L crown","33L_aM",220.0618,220.4618,220.1718,220.5918,218.514426844374,1.54737315562605,1.65737315562603,2.07737315562605
"35H curb","35H_aM",223.6707,224.0507,223.8007,224.0907,221.643919398002,2.02678060199801,2.15678060199801,2.446780601998
"35L curb","35L_aM",227.5677,227.9577,227.6977,228.0277,225.734100753949,1.83359924605077,1.96359924605076,2.29359924605077
"36H dart","36H_aM",230.7447,231.0747,230.8347,231.2847,228.894521047138,1.8501789528616,1.9401789528616,2.39017895286159
"36L dart","36L_aM",233.9857,234.3457,234.0957,234.5357,232.357369745427,1.62833025457277,1.73833025457276,2.17833025457276
"37H deck","37H_aM",236.8167,237.0867,236.9367,237.2867,235.513212594937,1.30348740506349,1.4234874050635,1.77348740506349
"37L deck","37L_aM",240.1437,240.3837,240.2437,240.6437,238.251507100576,1.89219289942352,1.99219289942351,2.39219289942352
"38H den","38H_aM",243.7026,243.9326,243.8026,244.0726,241.499517348133,2.20308265186682,2.30308265186684,2.57308265186683
"38L den","38L_aM",247.6556,247.9056,247.7556,248.0056,245.839208383329,1.81639161667113,1.91639161667112,2.16639161667112
"39H dent","39H_aM",250.3626,250.6726,250.4626,250.9026,248.855624094201,1.50697590579895,1.60697590579898,2.04697590579897
"39L dent","39L_aM",253.7876,254.0776,253.8676,254.2776,252.069600891115,1.71799910888527,1.79799910888528,2.20799910888528
"40H ditch","40H_aM",256.9545,257.2445,257.0145,257.4745,255.349771390423,1.60472860957742,1.66472860957742,2.1247286095774
"40L ditch","40L_aM",259.9695,260.2895,260.0595,260.4895,258.401172981939,1.56832701806144,1.65832701806147,2.08832701806148
"41H dive","41H_aM",263.4565,263.8465,263.5765,263.9165,261.798781341905,1.65771865809478,1.77771865809478,2.11771865809476
"41L dive","41L_aM",267.0855,267.4855,267.1855,267.5555,264.936988236747,2.14851176325311,2.24851176325308,2.61851176325308
"42H doll","42H_aM",270.0445,270.2945,270.1645,270.4845,268.414191186846,1.63030881315433,1.75030881315428,2.07030881315433
"42L doll","42L_aM",272.7814,273.1114,272.8914,273.2714,271.188635148592,1.59276485140828,1.70276485140823,2.08276485140829
"43H dove","43H_aM",275.6944,275.9844,275.8044,276.0944,273.975142199348,1.71925780065163,1.82925780065165,2.11925780065167
"43L dove","43L_aM",278.7554,279.0054,278.8454,279.0554,277.018130431488,1.73726956851175,1.82726956851172,2.03726956851176
"44H draft","44H_aM",281.9984,282.5784,282.0884,282.6784,279.980779472493,2.01762052750718,2.10762052750715,2.69762052750718
"44L draft","44L_aM",286.0534,286.6234,286.1434,286.7234,283.933755550583,2.11964444941719,2.20964444941717,2.78964444941721
"45H drain","45H_aM",290.4763,290.8563,290.5563,290.9663,288.358034889388,2.11826511061184,2.19826511061189,2.60826511061185
"45L drain","45L_aM",294.7713,295.1113,294.8513,295.2313,292.659651594469,2.11164840553056,2.19164840553054,2.57164840553054
"46H drug","46H_aM",298.7443,299.0243,298.8443,299.1543,296.749917532582,1.99438246741784,2.0943824674178,2.4043824674178
"46L drug","46L_aM",302.0893,302.3793,302.1793,302.4893,300.536195692817,1.55310430718288,1.64310430718291,1.95310430718291
"47H drum","47H_aM",305.5962,305.8662,305.6662,305.9862,303.674504592562,1.92169540743805,1.99169540743804,2.31169540743804
"47L drum","47L_aM",308.7232,309.0132,308.8232,309.1832,307.011437707955,1.71176229204463,1.81176229204459,2.1717622920446
"48H feast","48H_aM",311.7002,312.1802,311.8202,312.3102,309.984567542707,1.715632457293,1.835632457293,2.32563245729301
"48L feast","48L_aM",314.6552,315.1252,314.8052,315.2752,313.232750429538,1.42244957046159,1.57244957046163,2.0424495704616
"50H flame","50H_aM",317.8742,318.1142,317.9142,318.2142,316.048173975224,1.82602602477556,1.86602602477558,2.16602602477559
"50L flame","50L_aM",321.5032,321.8032,321.6232,321.9232,319.464862039158,2.03833796084183,2.15833796084183,2.45833796084185
"51H flock","51H_aM",324.7641,325.0641,324.9141,325.2941,322.950288105621,1.81381189437911,1.96381189437915,2.34381189437914
"51L flock","51L_aM",328.0731,328.3731,328.2131,328.5731,326.150262371984,1.92283762801628,2.06283762801627,2.42283762801628
"52H flood","52H_aM",331.5921,331.8821,331.6921,332.0321,329.819810841113,1.77228915888691,1.87228915888687,2.2122891588869
"52L flood","52L_aM",335.2971,335.5071,335.3371,335.6871,333.218937827079,2.07816217292066,2.11816217292068,2.46816217292064
"53H frogs","53H_aM",338.118,338.568,338.258,338.728,336.699847810065,1.41815218993491,1.5581521899349,2.02815218993493
"53L frogs","53L_aM",341.335,341.735,341.435,341.895,339.743334856027,1.59166514397253,1.69166514397256,2.15166514397254
"54H fudge","54H_aM",345.25,345.45,345.31,345.68,343.229899952234,2.02010004776605,2.08010004776605,2.45010004776606
"54L fudge","54L_aM",349.215,349.455,349.355,349.735,346.933195491437,2.28180450856269,2.42180450856273,2.80180450856273
"55H fur","55H_aM",352.658,352.838,352.838,353.158,350.677091791704,1.98090820829606,2.16090820829606,2.48090820829606
"55L fur","55L_aM",355.7909,355.9709,355.9709,356.3009,353.993969124412,1.79693087558832,1.97693087558827,2.30693087558831
"57H glue","57H_aM",359.2159,359.3659,359.2759,359.5959,357.347841562631,1.86805843736869,1.92805843736869,2.24805843736868
"57L glue","57L_aM",362.3109,362.4509,362.3809,362.7009,360.514658281304,1.79624171869557,1.86624171869556,2.18624171869556
"58H goal","58H_aM",365.4659,365.7659,365.5559,365.9559,363.672660205013,1.79323979498656,1.88323979498659,2.28323979498657
"58L goal","58L_aM",368.5768,368.8868,368.6668,369.0268,366.927812661976,1.6489873380238,1.73898733802383,2.09898733802379
"59H gown","59H_aM",371.5558,371.8658,371.6158,371.9958,369.976807435471,1.57899256452902,1.63899256452902,2.01899256452901
"59L gown","59L_aM",374.8748,375.1948,374.9548,375.3048,372.921917116091,1.95288288390884,2.03288288390883,2.38288288390885
"60H grin","60H_aM",378.6118,378.8518,378.6818,379.0218,376.511741147079,2.10005885292054,2.17005885292053,2.51005885292051
"60L grin","60L_aM",382.0868,382.3268,382.1568,382.4968,380.085056928586,2.0017430714139,2.07174307141389,2.41174307141392
"61H growl","61H_aM",385.3478,385.6978,385.4278,385.9578,383.591541439436,1.75625856056371,1.83625856056369,2.36625856056372
"61L growl","61L_aM",388.9127,389.2427,388.9727,389.3827,387.348989725169,1.56371027483061,1.62371027483061,2.03371027483064
"62H hay","62H_aM",391.9077,392.0477,392.0477,392.3277,390.214034153776,1.69366584622406,1.83366584622411,2.11366584622408
"62L hay","62L_aM",394.7967,394.9267,394.9267,395.2167,393.477182559073,1.31951744092652,1.44951744092651,1.73951744092653
"63H hedge","63H_aM",398.0557,398.3257,398.1757,398.5957,396.033940127362,2.02175987263769,2.14175987263769,2.56175987263771
"63L hedge","63L_aM",401.3646,401.6046,401.4846,401.9146,399.473222155082,1.89137784491817,2.01137784491817,2.44137784491818
"64H hen","64H_aM",404.7276,404.9676,404.8476,405.1076,402.916453119857,1.81114688014253,1.93114688014253,2.19114688014253
"64L hen","64L_aM",408.0346,408.2846,408.1446,408.4646,406.154075779188,1.88052422081171,1.99052422081172,2.31052422081171
"65H herd","65H_aM",411.6276,411.9576,411.7576,412.0676,409.621590808267,2.00600919173286,2.13600919173291,2.44600919173291
"65L herd","65L_aM",414.7286,415.0686,414.8486,415.2186,413.107945750101,1.62065424989879,1.7406542498988,2.1106542498988
"66H hint","66H_aM",418.2395,418.5195,418.3295,418.7295,416.168886018423,2.07061398157663,2.1606139815766,2.56061398157658
"66L hint","66L_aM",421.3785,421.7185,421.4885,421.9285,419.63335995052,1.74514004947991,1.85514004947993,2.29514004947993
"67H hips","67H_aM",424.9215,425.3115,425.0215,425.4615,422.975338637703,1.94616136229723,2.04616136229725,2.48616136229725
"67L hips","67L_aM",428.3285,428.6885,428.3985,428.8085,426.345843456002,1.9826565439983,2.0526565439983,2.46265654399826
"68H hive","68H_aM",431.9455,432.3055,432.0555,432.3555,430.071099745643,1.87440025435717,1.98440025435718,2.28440025435719
"68L hive","68L_aM",435.0064,435.3964,435.1264,435.4664,433.335318276449,1.6710817235508,1.7910817235508,2.13108172355084
"69H host","69H_aM",438.4634,438.9334,438.5634,439.0734,436.374245216566,2.08915478343403,2.18915478343405,2.69915478343404
"69L host","69L_aM",442.0584,442.5184,442.1484,442.6484,439.913351981152,2.14504801884812,2.23504801884809,2.73504801884809
"70H hug","70H_aM",445.3994,445.6594,445.5194,445.7494,443.730357363375,1.66904263662457,1.78904263662457,2.01904263662453
"70L hug","70L_aM",448.6244,448.8644,448.7344,448.9844,446.845041837142,1.77935816285753,1.88935816285755,2.13935816285755
"71H jar","71H_aM",451.6373,451.9973,451.7773,452.1073,449.984006411202,1.65329358879779,1.79329358879784,2.12329358879782
"71L jar","71L_aM",455.5863,455.9063,455.7263,456.0063,453.673945200789,1.91235479921073,2.05235479921072,2.33235479921075
"72H juice","72H_aM",458.6973,459.0473,458.8173,459.2473,457.004723429658,1.69257657034194,1.81257657034195,2.24257657034195
"72L juice","72L_aM",462.1683,462.5183,462.3083,462.7583,460.350257698215,1.81804230178545,1.95804230178544,2.40804230178549
"73H junk","73H_aM",465.6292,465.9292,465.7592,466.0992,463.461565168065,2.16763483193552,2.29763483193551,2.63763483193549
"73L junk","73L_aM",468.9402,469.2802,469.0702,469.3902,467.026381912999,1.91381808700072,2.04381808700072,2.36381808700071
"74H kick","74H_aM",472.5232,472.7832,472.6532,472.9432,470.349388470552,2.17381152944813,2.30381152944818,2.59381152944815
"74L kick","74L_aM",475.8762,476.1862,476.0062,476.2362,473.78102879111,2.09517120888984,2.22517120888983,2.45517120888985
"75H knife","75H_aM",479.0812,479.3812,479.1812,479.6312,477.249326737809,1.83187326219104,1.931873262191,2.38187326219099
"75L knife","75L_aM",482.6301,482.9401,482.7301,483.2001,480.626453791359,2.0036462086415,2.10364620864146,2.57364620864149
"76H knob","76H_aM",485.8111,486.0411,485.8811,486.1811,484.050003034643,1.76109696535707,1.83109696535706,2.13109696535707
"76L knob","76L_aM",488.8501,489.1301,488.9601,489.2701,487.206932707009,1.64316729299088,1.7531672929909,2.0631672929909
"78H lap","78H_aM",492.2971,492.5571,492.4071,492.7871,490.292567404572,2.00453259542809,2.1145325954281,2.4945325954281
"78L lap","78L_aM",495.5321,495.8021,495.6521,496.0121,493.666171831633,1.86592816836674,1.98592816836674,2.3459281683667
"79H lid","79H_aM",498.925,499.205,499.015,499.355,497.183881533229,1.74111846677118,1.83111846677116,2.17111846677119
"79L lid","79L_aM",502.81,503.06,502.9,503.25,500.947999200324,1.86200079967603,1.952000799676,2.30200079967602
"80H lock","80H_aM",505.841,506.081,505.941,506.311,503.966067312085,1.87493268791491,1.97493268791487,2.34493268791488
"80L lock","80L_aM",509.002,509.282,509.112,509.512,507.101458682794,1.90054131720603,2.01054131720605,2.41054131720603
"81H logs","81H_aM",512.331,512.731,512.451,512.901,510.420008817975,1.91099118202493,2.03099118202493,2.48099118202487
"81L logs","81L_aM",515.8739,516.2639,515.9739,516.4439,514.152994185629,1.72090581437112,1.82090581437103,2.29090581437106
"82H lungs","82H_aM",519.8849,520.2949,519.9849,520.4649,517.522555389639,2.36234461036076,2.46234461036079,2.94234461036069
"82L lungs","82L_aM",524.0219,524.4419,524.1319,524.5419,521.611029204372,2.41087079562772,2.52087079562773,2.93087079562781
"83H map","83H_aM",527.7649,528.0249,527.8649,528.2449,525.636382454082,2.12851754591804,2.22851754591807,2.60851754591806
"83L map","83L_aM",531.5079,531.7979,531.6079,531.9879,529.876990091967,1.63090990803266,1.73090990803269,2.11090990803268
"85H mat","85H_aM",535.4588,535.6988,535.5288,535.9688,533.359552338095,2.09924766190488,2.16924766190493,2.60924766190487
"85L mat","85L_aM",538.7838,539.0338,538.8938,539.3038,537.050791816314,1.73300818368591,1.84300818368592,2.25300818368589
"86H meal","86H_aM",542.0888,542.3688,542.1588,542.5488,540.534661841868,1.55413815813165,1.6241381581317,2.01413815813169
"86L meal","86L_aM",545.6058,545.9058,545.6958,546.1158,543.396367012408,2.20943298759244,2.29943298759235,2.71943298759243
"87H mop","87H_aM",548.4907,548.7407,548.5907,548.9307,546.766393928166,1.72430607183367,1.82430607183369,2.16430607183372
"87L mop","87L_aM",551.8877,552.1377,551.9777,552.3377,550.040979223741,1.84672077625873,1.93672077625877,2.29672077625878
"88H mouse","88H_aM",555.2687,555.5987,555.3487,555.8487,553.527440334633,1.74125966536712,1.82125966536717,2.32125966536717
"88L mouse","88L_aM",559.3057,559.6357,559.3857,559.8357,557.218812777764,2.08688722223553,2.16688722223557,2.6168872222355
"89H mug","89H_aM",563.7607,564.0407,563.8507,564.1307,561.589425865521,2.17127413447952,2.26127413447944,2.54127413447952
"89L mug","89L_aM",567.4556,567.7356,567.5656,567.8756,565.164454101895,2.29114589810513,2.40114589810514,2.71114589810509
"90H net","90H_aM",571.1106,571.3706,571.2106,571.6606,569.10798527412,2.00261472587988,2.1026147258799,2.55261472587995
"90L net","90L_aM",574.5416,574.8416,574.6816,575.0716,572.912611817203,1.62898818279723,1.76898818279722,2.1589881827972
"91H notch","91H_aM",577.1786,577.5086,577.3186,577.7986,575.768526867598,1.41007313240198,1.55007313240196,2.03007313240198
"91L notch","91L_aM",580.5716,580.8716,580.6716,581.1616,578.652542691069,1.91905730893131,2.01905730893134,2.50905730893135
"93H pad","93H_aM",585.2885,585.6485,585.4385,585.8085,583.196327014541,2.09217298545889,2.24217298545886,2.61217298545887
"93L pad","93L_aM",589.2595,589.6495,589.4195,589.7895,587.240634335651,2.0188656643486,2.17886566434856,2.54886566434857
"94H pet","94H_aM",593.0825,593.3825,593.2725,593.6725,591.047629616258,2.03487038374158,2.22487038374163,2.62487038374161
"94L pet","94L_aM",596.6855,596.9555,596.8455,597.2455,594.605420403828,2.08007959617157,2.24007959617154,2.64007959617152
"95H pie","95H_aM",600.2005,600.3605,600.3605,600.7705,598.279824813101,1.92067518689896,2.08067518689893,2.4906751868989
"95L pie","95L_aM",604.6974,604.8474,604.8474,605.2174,602.34503111168,2.35236888831957,2.50236888831955,2.87236888831956
"96H pile","96H_aM",608.0004,608.4004,608.1204,608.5704,606.127178382349,1.87322161765132,1.99322161765133,2.44322161765126
"96L pile","96L_aM",611.443348958333,611.844161805555,611.600820535714,612.00253125,609.730779688239,1.71256927009404,1.87004084747502,2.27175156176077
"97H pill","97H_aM",615.6884,615.9684,615.8284,616.1884,613.533791152611,2.15460884738877,2.29460884738876,2.65460884738877
"97L pill","97L_aM",619.7533,620.0233,619.8833,620.2833,617.756645907068,1.9966540929322,2.1266540929322,2.52665409293229
"98H pine","98H_aM",623.1463,623.6063,623.3063,623.7263,621.139871002304,2.00642899769571,2.16642899769568,2.58642899769575
"98L pine","98L_aM",627.2033,627.6433,627.3633,627.8033,625.753492236463,1.44980776353668,1.60980776353665,2.04980776353671
"99H plot","99H_aM",631.2543,631.5843,631.4343,631.8343,629.598390846209,1.65590915379107,1.83590915379114,2.23590915379111
"99L plot","99L_aM",634.1693,634.4293,634.2793,634.6893,632.837711185492,1.33158881450822,1.44158881450824,1.8515888145082
"100H pole","100H_aM",637.0103,637.2603,637.1203,637.5603,635.508428175538,1.50187182446223,1.61187182446224,2.05187182446218
"100L pole","100L_aM",640.3692,640.6492,640.5292,640.8492,639.11541993207,1.25378006793028,1.41378006793025,1.7337800679303
"101H pool","101H_aM",644.3282,644.5182,644.4582,644.8082,642.0789081021,2.24929189789975,2.37929189789975,2.72929189789977
"101L pool","101L_aM",647.8552,648.2552,647.9852,648.3852,646.199695417345,1.65550458265511,1.78550458265511,2.1855045826552
"102H prize","102H_aM",651.5022,651.9322,651.5922,652.1522,649.342607468114,2.15959253188612,2.24959253188615,2.8095925318861
"102L prize","102L_aM",655.6192,656.1092,655.7292,656.2892,653.906426748442,1.71277325155756,1.82277325155758,2.38277325155764
"103H raft","103H_aM",660.8761,661.3661,660.9661,661.5061,658.265820862798,2.61027913720204,2.70027913720207,3.24027913720204
"103L raft","103L_aM",664.2411,664.7311,664.3211,664.8511,662.314194325572,1.92690567442776,2.0069056744278,2.53690567442777
"104H rent","104H_aM",668.5961,668.9261,668.6861,669.1461,666.611717941331,1.98438205866876,2.07438205866879,2.53438205866883
"104L rent","104L_aM",672.2951,672.6351,672.3651,672.8651,670.285138521646,2.00996147835383,2.07996147835377,2.57996147835377
"105H rim","105H_aM",675.87,676.07,675.92,676.24,673.713850553883,2.1561494461173,2.20614944611725,2.5261494461173
"105L rim","105L_aM",680.339,680.559,680.399,680.699,678.015397806317,2.32360219368297,2.38360219368292,2.68360219368287
"107H rope","107H_aM",683.102,683.362,683.222,683.582,681.375224042311,1.72677595768869,1.84677595768869,2.20677595768871
"107L rope","107L_aM",686.587,686.807,686.657,686.987,684.679557188158,1.90744281184209,1.97744281184214,2.30744281184207
"108H no","108H_aM",690.29,690.32,690.32,690.39,687.82286356893,2.46713643106989,2.49713643106998,2.56713643106991
"108L no","108L_aM",693.6629,693.6929,693.6929,693.7229,691.31383861321,2.34906138679048,2.37906138679045,2.40906138679043
"109H sand","109H_aM",696.3819,696.7419,696.5019,696.9119,694.735060737984,1.64683926201565,1.76683926201565,2.17683926201562
"109L sand","109L_aM",699.5589,699.9689,699.7089,700.1089,697.744295551435,1.81460444856486,1.96460444856484,2.36460444856482
"110H scab","110H_aM",702.7199,703.0899,702.8199,703.2099,700.969759491036,1.75014050896357,1.85014050896348,2.24014050896346
"110L scab","110L_aM",705.6828,706.0728,705.7728,706.2028,704.040838033814,1.64196196618639,1.7319619661863,2.16196196618637
"111H seeds","111H_aM",708.5538,709.0238,708.6938,709.2038,707.002462638001,1.551337361999,1.69133736199899,2.20133736199898
"111L seeds","111L_aM",711.3888,711.8788,711.5488,711.9888,710.083536267943,1.30526373205737,1.46526373205745,1.90526373205739
"112H shed","112H_aM",714.4858,714.7958,714.6358,714.9758,712.819892721816,1.66590727818402,1.815907278184,2.15590727818403
"112L shed","112L_aM",717.6708,717.9708,717.8308,718.1408,715.844264351853,1.82653564814723,1.9865356481472,2.29653564814726
"113H sheep","113H_aM",720.8718,721.2118,721.0318,721.3618,718.952295456384,1.91950454361643,2.07950454361639,2.40950454361644
"113L sheep","113L_aM",723.6867,723.9967,723.8367,724.1967,722.18441340072,1.50228659928018,1.65228659928016,2.01228659928017
"114H silk","114H_aM",726.7517,727.1017,726.8917,727.2817,725.204210771093,1.54748922890701,1.687489228907,2.07748922890698
"114L silk","114L_aM",729.6827,730.0327,729.8327,730.2227,728.109136413637,1.57356358636275,1.72356358636284,2.11356358636283
"115H skirt","115H_aM",733.0157,733.3757,733.1157,733.6157,731.207211318742,1.8084886812577,1.90848868125761,2.40848868125761
"115L skirt","115L_aM",736.2807,736.6807,736.3707,736.9007,734.579312785234,1.70138721476621,1.79138721476625,2.32138721476622
"116H sleeves","116H_aM",739.6316,740.1016,739.7516,740.2716,737.717061691973,1.91453830802743,2.03453830802744,2.55453830802742
"116L sleeves","116L_aM",743.0646,743.5746,743.1846,743.6846,741.212577485174,1.85202251482599,1.97202251482599,2.47202251482599
"117H slice","117H_aM",746.5456,746.9556,746.6756,747.2056,744.810879546314,1.73472045368624,1.86472045368623,2.3947204536862
"117L slice","117L_aM",750.3066,750.6966,750.4366,750.9366,748.42281614645,1.88378385355009,2.01378385355008,2.51378385355008
"118H sling","118H_aM",753.8135,754.1235,753.9635,754.3035,751.996510176188,1.81698982381226,1.96698982381224,2.30698982381227
"118L sling","118L_aM",757.3705,757.6805,757.5005,757.8705,755.374115044905,1.99638495509464,2.12638495509464,2.49638495509464
"119H splash","119H_aM",760.7935,761.2435,760.9235,761.5035,759.014127424298,1.77937257570181,1.90937257570181,2.48937257570185
"119L splash","119L_aM",764.5825,765.0225,764.7025,765.2525,762.703491194467,1.8790088055332,1.99900880553321,2.54900880553328
"120H sponge","120H_aM",768.1795,768.7095,768.2895,768.8795,766.280029014416,1.89947098558389,2.0094709855839,2.59947098558393
"120L sponge","120L_aM",771.7804,772.3104,771.8804,772.4804,770.140205905418,1.64019409458183,1.74019409458185,2.34019409458188
"121H spool","121H_aM",775.0634,775.4334,775.1834,775.6634,773.554502253582,1.50889774641803,1.62889774641803,2.10889774641805
"121L spool","121L_aM",778.5244,778.9544,778.6244,779.0944,776.758374263158,1.76602573684158,1.86602573684161,2.33602573684152
"122H spoon","122H_aM",781.7054,782.1354,781.8254,782.2854,780.115119351472,1.59028064852816,1.71028064852806,2.17028064852809
"122L spoon","122L_aM",784.9784,785.4384,785.1184,785.5984,783.215202107004,1.76319789299635,1.90319789299633,2.38319789299635
"123H sport","123H_aM",788.4513,788.9513,788.6013,789.1413,786.87975385192,1.5715461480803,1.72154614808039,2.26154614808036
"123L sport","123L_aM",791.9943,792.4643,792.1343,792.6743,790.266829623024,1.72747037697638,1.86747037697648,2.40747037697645
"124H spray","124H_aM",795.0173,795.3473,795.1573,795.5573,793.437246036326,1.580053963674,1.72005396367399,2.12005396367408
"124L spray","124L_aM",798.3703,798.7103,798.5103,798.9303,796.523758294042,1.84654170595809,1.98654170595807,2.40654170595803
"126H strap","126H_aM",801.8192,802.1592,801.9192,802.3492,800.097075028483,1.72212497151713,1.82212497151716,2.25212497151711
"126L strap","126L_aM",804.9982,805.3782,805.1082,805.5182,803.22025534718,1.77794465281954,1.88794465281956,2.29794465281952
"127H swamps","127H_aM",808.0652,808.6252,808.2052,808.8252,806.337871412229,1.7273285877709,1.86732858777088,2.48732858777089
"127L swamps","127L_aM",811.4122,811.9422,811.5322,812.1322,809.67478487159,1.73741512840979,1.8574151284098,2.45741512840982
"128H swan","128H_aM",814.8052,815.1852,814.9852,815.3652,813.00966270838,1.79553729162012,1.97553729162007,2.35553729162007
"128L swan","128L_aM",817.8501,818.1701,817.9501,818.3301,816.304974489607,1.54512551039318,1.6451255103932,2.0251255103932
"129H tea","129H_aM",820.8151,820.9851,820.9851,821.2851,819.094542676139,1.7205573238615,1.89055732386146,2.19055732386153
"129L tea","129L_aM",823.9921,824.1521,824.1521,824.4521,822.166986478323,1.82511352167671,1.98511352167668,2.28511352167664
"130H tent","130H_aM",826.7951,827.1651,826.9551,827.4051,825.283168797968,1.51193120203186,1.67193120203183,2.12193120203176
"130L tent","130L_aM",829.7001,830.0501,829.8601,830.2901,828.203629470883,1.49647052911735,1.65647052911731,2.08647052911738
"131H thief","131H_aM",832.759,832.999,832.809,833.059,831.110081696246,1.64891830375427,1.69891830375423,1.94891830375423
"131L thief","131L_aM",835.826,836.116,835.926,836.256,833.873507775995,1.95249222400548,2.0524922240055,2.38249222400543
"132H thorns","132H_aM",839.025,839.485,839.145,839.675,837.055437752196,1.96956224780411,2.08956224780411,2.61956224780408
"132L thorns","132L_aM",842.81,843.28,842.94,843.48,840.83834929005,1.9716507099497,2.10165070994981,2.64165070994977
"133H throat","133H_aM",846.071,846.441,846.191,846.681,844.33290122984,1.73809877016015,1.85809877016015,2.34809877016016
"133L throat","133L_aM",849.0079,849.3879,849.1179,849.6479,847.556955072367,1.45094492763337,1.56094492763339,2.09094492763347
"134H tin","134H_aM",852.0469,852.3169,852.1869,852.4569,850.336905469113,1.70999453088723,1.84999453088722,2.1199945308872
"134L tin","134L_aM",854.8179,855.1179,854.9779,855.2779,853.343705671397,1.47419432860295,1.63419432860292,1.93419432860298
"136H trail","136H_aM",857.5869,857.9769,857.6969,858.1569,856.16558084746,1.42131915253992,1.53131915253994,1.99131915253986
"136L trail","136L_aM",860.5138,860.9138,860.6238,861.0538,859.03285755677,1.48094244323022,1.59094244323023,2.0209424432303
"137H trap","137H_aM",863.5348,863.8348,863.6248,864.0348,861.815813709401,1.71898629059933,1.80898629059936,2.21898629059933
"137L trap","137L_aM",866.8718,867.2318,867.0218,867.3918,865.077960509031,1.79383949096859,1.94383949096857,2.31383949096858
"138H truck","138H_aM",870.9448,871.2248,871.0648,871.4248,868.490729036155,2.45407096384486,2.57407096384486,2.93407096384487
"138L truck","138L_aM",874.4038,874.6838,874.5038,874.9638,872.736576369772,1.66722363022836,1.76722363022827,2.22722363022831
"139H tub","139H_aM",877.7327,878.0527,877.9027,878.0927,875.959127055936,1.77357294406431,1.94357294406427,2.13357294406433
"139L tub","139L_aM",881.0817,881.4117,881.2217,881.5117,879.030677544444,2.05102245555588,2.19102245555598,2.48102245555594
"140H van","140H_aM",884.9447,885.2747,885.0347,885.4547,882.690678768518,2.25402123148228,2.34402123148232,2.76402123148227
"140L van","140L_aM",889.0517,889.3817,889.1417,889.4917,886.804311791643,2.24738820835694,2.33738820835697,2.68738820835699
"141H wax","141H_aM",893.0067,893.4167,893.0867,893.5767,890.93953715098,2.06716284901972,2.14716284901965,2.63716284901966
"141L wax","141L_aM",896.2336,896.7036,896.3336,896.8336,894.612563475476,1.62103652452367,1.7210365245237,2.2210365245237
"2H barn","2H_aNM",1.95,2.32,2.03,2.42,0.379119231583426,1.57088076841657,1.65088076841657,2.04088076841657
"2L barn","2L_aNM",4.957,5.297,5.047,5.397,3.52669405716924,1.43030594283076,1.52030594283076,1.87030594283076
"3H bay","3H_aNM",8.232,8.312,8.312,8.692,6.73112740471628,1.50087259528372,1.58087259528372,1.96087259528372
"3L bay","3L_aNM",11.6729,11.7529,11.7529,12.1029,9.66790719455175,2.00499280544825,2.08499280544825,2.43499280544825
"4H beak","4H_aNM",15.8219,16.1219,15.8919,16.3819,13.7671605844223,2.05473941557774,2.12473941557774,2.61473941557774
"4L beak","4L_aNM",19.5029,19.8029,19.5829,20.0029,17.6105591348381,1.89234086516193,1.97234086516193,2.39234086516193
"5H beam","5H_aNM",23.2259,23.4659,23.2959,23.6059,21.3430373835053,1.88286261649467,1.95286261649467,2.26286261649467
"5L beam","5L_aNM",26.9548,27.2148,27.0148,27.3648,25.070643050679,1.88415694932102,1.94415694932103,2.29415694932102
"7H bend","7H_aNM",30.4718,30.8518,30.5718,31.0318,28.7760505914151,1.69574940858487,1.79574940858487,2.25574940858487
"7L bend","7L_aNM",34.0088,34.3488,34.0988,34.5488,32.1620125758616,1.84678742413843,1.93678742413843,2.38678742413843
"8H blame","8H_aNM",37.7178,38.0678,37.7878,38.2178,35.8285688526874,1.88923114731257,1.95923114731257,2.38923114731257
"8L blame","8L_aNM",41.1068,41.4568,41.1868,41.5768,39.7314951033306,1.37530489666941,1.4553048966694,1.8453048966694
"9H blast","9H_aNM",44.3857,44.9057,44.4657,45.0157,42.5040024612361,1.88169753876387,1.96169753876386,2.51169753876387
"9L blast","9L_aNM",47.9127,48.4527,47.9927,48.5627,46.4185084573462,1.49419154265377,1.57419154265377,2.14419154265377
"10H bowl","10H_aNM",51.9697,52.2297,52.0797,52.4697,50.0343472001558,1.93535279984423,2.04535279984423,2.43535279984423
"10L bowl","10L_aNM",55.8367,56.0867,55.9367,56.3267,53.8118780729055,2.02482192709449,2.12482192709449,2.51482192709449
"11H brat","11H_aNM",59.4737,59.7937,59.5637,60.0237,57.671937171919,1.80176282808097,1.89176282808097,2.35176282808097
"11L brat","11L_aNM",62.9826,63.3126,63.0726,63.5426,61.2553777563439,1.72722224365605,1.81722224365605,2.28722224365605
"12H bread","12H_aNM",67.0656,67.3756,67.1656,67.5556,65.0908330314745,1.97476696852553,2.07476696852552,2.46476696852552
"12L bread","12L_aNM",70.4226,70.7026,70.5026,70.8626,68.8470870998637,1.57551290013627,1.65551290013627,2.01551290013627
"13H breath","13H_aNM",73.9016,74.1816,73.9716,74.4016,71.8748357613476,2.02676423865245,2.09676423865244,2.52676423865245
"13L breath","13L_aNM",78.0266,78.3266,78.0966,78.3666,75.7427471905516,2.28385280944839,2.35385280944838,2.62385280944839
"14H broom","14H_aNM",80.9135,81.2635,81.0135,81.3835,79.1721032027515,1.74139679724851,1.84139679724851,2.21139679724851
"14L broom","14L_aNM",84.4365,84.7565,84.5165,84.8765,82.2933318599213,2.1431681400787,2.2231681400787,2.5831681400787
"15H bruise","15H_aNM",88.2595,88.6595,88.3595,88.8795,86.4378295553273,1.82167044467275,1.92167044467274,2.44167044467274
"15L bruise","15L_aNM",92.2845,92.7145,92.4045,92.8845,90.6485754582108,1.63592454178921,1.75592454178921,2.23592454178922
"16H cake","16H_aNM",96.2675,96.5575,96.3975,96.7975,93.9467879069624,2.3207120930376,2.45071209303759,2.8507120930376
"16L cake","16L_aNM",100.3604,100.6404,100.4804,100.9004,98.2149288903624,2.14547110963757,2.26547110963757,2.68547110963758
"17H calf","17H_aNM",104.0474,104.3974,104.1674,104.6274,101.868043299116,2.1793567008843,2.2993567008843,2.7593567008843
"17L calf","17L_aNM",108.4004,108.7704,108.5304,109.0204,106.077713493446,2.32268650655438,2.45268650655437,2.94268650655437
"19H chat","19H_aNM",111.6554,111.9854,111.8154,112.1954,109.923716029272,1.7316839707285,1.89168397072849,2.2716839707285
"19L chat","19L_aNM",116.0004,116.3204,116.1504,116.5104,113.956538909801,2.04386109019859,2.1938610901986,2.55386109019859
"20H chunks","20H_aNM",119.8893,120.3293,120.0193,120.5093,118.199480178655,1.68981982134488,1.81981982134488,2.30981982134487
"20L chunks","20L_aNM",124.1423,124.5923,124.2723,124.7623,122.034932160513,2.10736783948732,2.23736783948732,2.72736783948731
"21H clerk","21H_aNM",128.6673,129.0173,128.7573,129.2173,126.467204266928,2.20009573307161,2.29009573307158,2.75009573307159
"21L clerk","21L_aNM",132.6623,133.1023,132.7823,133.2923,130.913242181434,1.74905781856552,1.86905781856552,2.37905781856554
"22H cliff","22H_aNM",137.0413,137.3213,137.1613,137.5613,135.142821735434,1.89847826456605,2.01847826456606,2.41847826456603
"22L cliff","22L_aNM",140.4622,140.7022,140.5622,140.9622,138.943313005056,1.51888699494415,1.61888699494415,2.01888699494415
"23H clock","23H_aNM",143.4932,143.7532,143.5932,144.0232,142.001765048017,1.49143495198297,1.59143495198296,2.02143495198297
"23L clock","23L_aNM",147.2562,147.4962,147.3562,147.7662,145.272934192597,1.98326580740343,2.08326580740342,2.49326580740342
"24H clue","24H_aNM",150.7992,150.9892,150.9292,151.2592,148.704374218447,2.09482578155274,2.22482578155274,2.55482578155272
"24L clue","24L_aNM",154.3282,154.4982,154.4382,154.7482,152.452744037513,1.87545596248728,1.98545596248726,2.29545596248727
"25H coach","25H_aNM",158.1031,158.4631,158.2531,158.7631,156.417646864763,1.6854531352372,1.83545313523717,2.34545313523719
"25L coach","25L_aNM",162.9181,163.2581,163.0681,163.5581,160.803455232455,2.11464476754534,2.26464476754532,2.75464476754533
"26H coast","26H_aNM",166.1691,166.6491,166.2991,166.7691,164.924718936366,1.24438106363397,1.37438106363399,1.84438106363399
"26L coast","26L_aNM",170.4981,170.9781,170.6381,171.1181,168.512544150538,1.98555584946175,2.12555584946176,2.60555584946175
"27H coin","27H_aNM",174.701,175.101,174.811,175.251,172.690225621152,2.01077437884831,2.12077437884832,2.56077437884832
"27L coin","27L_aNM",177.98,178.34,178.08,178.46,176.155358748677,1.82464125132262,1.92464125132264,2.30464125132264
"28H cops","28H_aNM",182.085,182.475,182.185,182.665,180.184830482967,1.90016951703274,2.00016951703273,2.48016951703272
"28L cops","28L_aNM",186.072,186.492,186.182,186.672,183.9351251675,2.13687483250041,2.2468748325004,2.7368748325004
"29H crash","29H_aNM",189.803,190.143,189.903,190.353,187.896011167425,1.90698883257508,2.00698883257508,2.45698883257509
"29L crash","29L_aNM",193.1659,193.5159,193.2559,193.7659,191.207149838235,1.95875016176541,2.04875016176541,2.5587501617654
"30H crew","30H_aNM",196.1869,196.3569,196.2869,196.5769,194.467401826562,1.7194981734379,1.81949817343789,2.10949817343788
"30L crew","30L_aNM",199.1579,199.3379,199.2779,199.6579,197.447490040085,1.71040995991498,1.83040995991496,2.21040995991498
"31H crib","31H_aNM",202.5969,202.8669,202.6969,202.9969,201.051179494033,1.54572050596664,1.64572050596664,1.94572050596665
"31L crib","31L_aNM",206.0399,206.3199,206.1499,206.3999,203.940795534463,2.09910446553721,2.20910446553722,2.45910446553722
"32H crop","32H_aNM",209.7928,210.0528,209.8928,210.2428,207.947238550303,1.8455614496971,1.9455614496971,2.29556144969709
"32L crop","32L_aNM",213.4158,213.6958,213.5158,213.9058,211.355421561799,2.06037843820104,2.16037843820106,2.55037843820105
"33H crown","33H_aNM",216.9708,217.3408,217.0808,217.4708,215.503429736112,1.46737026388789,1.5773702638879,1.96737026388789
"33L crown","33L_aNM",219.9918,220.3918,220.0918,220.5318,218.514279480892,1.47752051910766,1.57752051910765,2.01752051910765
"35H curb","35H_aNM",223.7107,224.1007,223.8507,224.1307,221.658878254087,2.05182174591258,2.19182174591256,2.47182174591256
"35L curb","35L_aNM",227.5277,227.8877,227.6577,227.9677,225.749034739898,1.77866526010249,1.90866526010248,2.21866526010248
"36H dart","36H_aNM",230.8947,231.2447,231.0047,231.4547,229.075413049171,1.81928695082942,1.92928695082944,2.37928695082942
"36L dart","36L_aNM",234.2017,234.5117,234.2917,234.7117,232.573371130709,1.62832886929115,1.71832886929116,2.13832886929117
"37H deck","37H_aNM",237.0627,237.3127,237.1527,237.5027,235.729265917272,1.33343408272759,1.4234340827276,1.77343408272759
"37L deck","37L_aNM",240.6796,240.9696,240.7896,241.2196,238.588017053135,2.09158294686512,2.20158294686513,2.63158294686514
"38H den","38H_aNM",244.5666,244.8066,244.6466,244.9466,242.363511391845,2.20308860815516,2.28308860815517,2.58308860815515
"38L den","38L_aNM",248.5496,248.7896,248.6396,248.9096,246.703183098697,1.84641690130343,1.93641690130343,2.20641690130344
"39H dent","39H_aNM",251.2466,251.5966,251.3566,251.8166,249.719609596544,1.52699040345638,1.63699040345637,2.09699040345637
"39L dent","39L_aNM",254.6216,254.9416,254.7216,255.1516,252.933587857002,1.68801214299793,1.78801214299793,2.21801214299794
"40H ditch","40H_aNM",257.7985,258.1585,257.8985,258.3885,256.213829356834,1.58467064316585,1.68467064316587,2.17467064316588
"40L ditch","40L_aNM",260.7815,261.0915,260.8615,261.3215,259.193161741519,1.58833825848131,1.6683382584813,2.12833825848134
"41H dive","41H_aNM",264.1665,264.5665,264.2865,264.6165,262.518738835212,1.64776116478805,1.76776116478806,2.09776116478804
"41L dive","41L_aNM",267.1955,267.5755,267.3055,267.6255,265.500019744543,1.69548025545743,1.80548025545744,2.12548025545743
"42H doll","42H_aNM",270.0925,270.3625,270.2025,270.5025,268.462244989653,1.63025501034735,1.74025501034737,2.04025501034738
"42L doll","42L_aNM",272.8494,273.1794,272.9494,273.3294,271.236641776748,1.61275822325246,1.71275822325248,2.09275822325247
"43H dove","43H_aNM",275.7524,276.0024,275.8424,276.2124,274.023194295265,1.72920570473474,1.81920570473471,2.18920570473472
"43L dove","43L_aNM",278.7334,279.0434,278.8634,279.0834,277.066132507392,1.66726749260761,1.7972674926076,2.01726749260757
"44H draft","44H_aNM",282.0664,282.5564,282.1364,282.7164,280.028760936127,2.03763906387275,2.10763906387274,2.68763906387278
"44L draft","44L_aNM",286.0914,286.6814,286.1614,286.8114,283.981802647165,2.10959735283501,2.179597352835,2.82959735283498
"45H drain","45H_aNM",290.4943,290.8843,290.5843,291.0443,288.405911625429,2.08838837457137,2.17838837457134,2.63838837457138
"45L drain","45L_aNM",294.8593,295.2093,294.9393,295.3193,292.707623626967,2.15167637303307,2.23167637303305,2.61167637303305
"46H drug","46H_aNM",298.7923,299.0923,298.8823,299.2023,296.797941752206,1.99435824779408,2.08435824779406,2.40435824779405
"46L drug","46L_aNM",302.1173,302.4073,302.2073,302.4973,300.584219167918,1.53308083208248,1.62308083208245,1.91308083208247
"47H drum","47H_aNM",305.6442,305.9342,305.7442,306.0942,303.722501912669,1.92169808733138,2.02169808733134,2.37169808733137
"47L drum","47L_aNM",308.7412,309.0512,308.8412,309.1912,307.059504948877,1.68169505112309,1.78169505112311,2.13169505112307
"48H feast","48H_aNM",311.7582,312.2682,311.8782,312.3782,310.032531293001,1.72566870699939,1.84566870699939,2.34566870699939
"48L feast","48L_aNM",314.6932,315.1932,314.8232,315.3032,313.280768748833,1.41243125116682,1.54243125116682,2.02243125116684
"50H flame","50H_aNM",317.9222,318.1722,317.9722,318.2722,316.09625712435,1.8259428756495,1.87594287564951,2.17594287564953
"50L flame","50L_aNM",321.6412,321.8812,321.6712,322.0112,319.512876308835,2.12832369116546,2.15832369116544,2.49832369116541
"51H flock","51H_aNM",324.7721,325.0821,324.9521,325.3021,322.998331325735,1.77376867426472,1.95376867426467,2.30376867426469
"51L flock","51L_aNM",328.1811,328.3911,328.2411,328.6011,326.198278268994,1.98282173100625,2.04282173100626,2.40282173100621
"52H flood","52H_aNM",331.6001,331.9101,331.7201,332.0601,329.867809442301,1.732290557699,1.85229055769901,2.19229055769898
"52L flood","52L_aNM",335.2051,335.5151,335.3451,335.6851,333.266960351456,1.93813964854411,2.0781396485441,2.41813964854407
"53H frogs","53H_aNM",338.236,338.566,338.286,338.746,336.747918137702,1.4880818622978,1.53808186229782,1.99808186229779
"53L frogs","53L_aNM",342.093,342.413,342.133,342.583,340.00310191887,2.08989808113051,2.12989808113048,2.57989808113052
"54H fudge","54H_aNM",345.572,345.842,345.732,346.172,343.68351147333,1.88848852667019,2.04848852667021,2.48848852667021
"54L fudge","54L_aNM",349.243,349.533,349.403,349.813,346.981190491784,2.26180950821646,2.42180950821648,2.83180950821645
"55H fur","55H_aNM",352.666,352.846,352.846,353.166,350.725142645055,1.94085735494463,2.12085735494463,2.44085735494463
"55L fur","55L_aNM",355.8389,355.9889,355.9889,356.3289,354.041982182352,1.79691781764831,1.94691781764828,2.28691781764826
"57H glue","57H_aNM",359.2239,359.3839,359.3039,359.6639,357.395816149883,1.8280838501168,1.90808385011678,2.2680838501168
"57L glue","57L_aNM",362.3589,362.5089,362.4389,362.7589,360.562659926701,1.79624007329852,1.8762400732985,2.1962400732985
"58H goal","58H_aNM",365.4939,365.7939,365.6039,365.9339,363.720717208914,1.77318279108584,1.88318279108586,2.21318279108584
"58L goal","58L_aNM",368.6448,368.9348,368.7348,369.0948,366.975805376169,1.66899462383054,1.75899462383057,2.11899462383059
"59H gown","59H_aNM",371.6338,371.9338,371.6838,372.0438,370.024771507158,1.60902849284207,1.65902849284208,2.01902849284204
"59L gown","59L_aNM",374.9428,375.2428,375.0228,375.3628,372.969882165054,1.97291783494592,2.05291783494596,2.39291783494593
"60H grin","60H_aNM",378.6898,378.9298,378.7498,379.0998,376.559708937188,2.13009106281208,2.19009106281209,2.54009106281211
"60L grin","60L_aNM",382.1748,382.4248,382.2448,382.5848,380.133051343477,2.04174865652317,2.11174865652316,2.45174865652314
"61H growl","61H_aNM",385.4258,385.7758,385.4958,385.9458,383.639466895933,1.78633310406684,1.85633310406683,2.30633310406688
"61L growl","61L_aNM",388.9707,389.3307,389.0407,389.4607,387.396960150415,1.57373984958514,1.64373984958513,2.06373984958509
"62H hay","62H_aNM",392.2817,392.4217,392.4217,392.7717,390.598048190253,1.68365180974712,1.8236518097471,2.17365180974713
"62L hay","62L_aNM",395.2107,395.3007,395.3007,395.6407,393.861015286543,1.34968471345707,1.4396847134571,1.77968471345707
"63H hedge","63H_aNM",398.3697,398.6497,398.4897,398.9397,396.417960755222,1.95173924477803,2.07173924477803,2.52173924477802
"63L hedge","63L_aNM",401.4406,401.7606,401.6106,402.0706,399.569221073723,1.87137892627669,2.04137892627665,2.50137892627669
"64H hen","64H_aNM",404.8236,405.0836,404.9536,405.1836,403.012496011056,1.81110398894401,1.94110398894401,2.17110398894403
"64L hen","64L_aNM",408.0506,408.2906,408.1806,408.4306,406.250112556732,1.80048744326774,1.93048744326779,2.18048744326779
"65H herd","65H_aNM",411.6936,412.0636,411.8336,412.2036,409.717631260739,1.97596873926102,2.11596873926101,2.48596873926101
"65L herd","65L_aNM",414.8046,415.1746,414.9646,415.3246,413.203957843832,1.60064215616831,1.76064215616833,2.12064215616829
"66H hint","66H_aNM",418.3555,418.6655,418.4755,418.8955,416.264909647089,2.09059035291142,2.21059035291142,2.63059035291144
"66L hint","66L_aNM",421.4345,421.7745,421.5545,422.0045,419.729392418573,1.70510758142728,1.82510758142729,2.27510758142728
"67H hips","67H_aNM",424.9275,425.2875,424.9975,425.4575,422.951346345342,1.97615365465839,2.04615365465838,2.50615365465836
"67L hips","67L_aNM",428.3445,428.6945,428.3945,428.8745,426.321854160885,2.0226458391154,2.07264583911541,2.55264583911543
"68H hive","68H_aNM",431.8915,432.2415,432.0215,432.2915,430.047068536588,1.84443146341175,1.97443146341175,2.24443146341173
"68L hive","68L_aNM",434.9824,435.4124,435.1024,435.4624,433.311295393895,1.6711046061053,1.79110460610531,2.15110460610532
"69H host","69H_aNM",438.4594,438.9194,438.5394,439.0294,436.350275923336,2.10912407666353,2.18912407666352,2.67912407666353
"69L host","69L_aNM",442.0044,442.4544,442.0844,442.5844,439.889360660917,2.11503933908261,2.19503933908265,2.69503933908265
"70H hug","70H_aNM",445.3854,445.6754,445.5154,445.7654,443.706345178578,1.67905482142203,1.80905482142202,2.05905482142202
"70L hug","70L_aNM",448.6004,448.8804,448.7004,448.9804,446.821058398816,1.77934160118417,1.87934160118419,2.15934160118417
"71H jar","71H_aNM",451.6533,451.9633,451.7833,452.0533,449.974992474972,1.67830752502795,1.80830752502794,2.07830752502792
"71L jar","71L_aNM",455.5263,455.8863,455.6663,455.9963,453.674003743193,1.85229625680688,1.99229625680687,2.32229625680691
"72H juice","72H_aNM",458.6673,459.0373,458.7773,459.2873,457.019772878899,1.64752712110118,1.75752712110119,2.26752712110118
"72L juice","72L_aNM",462.1483,462.4983,462.2683,462.7283,460.350128890533,1.79817110946664,1.91817110946664,2.37817110946662
"73H junk","73H_aNM",465.5492,465.8692,465.6592,466.0692,463.476606816048,2.07259318395188,2.18259318395189,2.59259318395192
"73L junk","73L_aNM",468.9302,469.2602,469.0502,469.4702,467.041391662466,1.88880833753404,2.00880833753405,2.42880833753401
"74H kick","74H_aNM",472.4432,472.7332,472.5832,472.9832,470.36440231,2.07879769000039,2.21879769000037,2.61879769000041
"74L kick","74L_aNM",475.9362,476.2262,476.0862,476.4562,473.780935540194,2.15526445980561,2.30526445980564,2.67526445980565
"75H knife","75H_aNM",479.0812,479.4012,479.1912,479.6512,477.264208409646,1.81699159035423,1.92699159035419,2.38699159035423
"75L knife","75L_aNM",482.6301,482.9501,482.7301,483.2301,480.641372972597,1.98872702740306,2.08872702740302,2.58872702740302
"76H knob","76H_aNM",485.7311,485.9811,485.8111,486.0311,484.049981925269,1.68111807473133,1.76111807473131,1.98111807473128
"76L knob","76L_aNM",488.8601,489.1501,488.9601,489.1901,487.221883903913,1.63821609608709,1.73821609608711,1.96821609608708
"78H lap","78H_aNM",492.2771,492.5871,492.4071,492.8171,490.307499910142,1.9696000898582,2.0996000898582,2.50960008985817
"78L lap","78L_aNM",495.5821,495.8221,495.6721,496.0721,493.681130373718,1.90096962628184,1.99096962628181,2.39096962628179
"79H lid","79H_aNM",498.975,499.255,499.075,499.425,497.198996083669,1.77600391633126,1.87600391633123,2.22600391633125
"79L lid","79L_aNM",502.72,502.97,502.82,503.15,500.962961639564,1.75703836043567,1.85703836043564,2.18703836043562
"80H lock","80H_aNM",505.821,506.081,505.941,506.331,503.981031169104,1.83996883089651,1.95996883089646,2.3499688308965
"80L lock","80L_aNM",509.062,509.332,509.172,509.582,507.116438412295,1.94556158770524,2.05556158770526,2.46556158770522
"81H logs","81H_aNM",512.371,512.751,512.491,512.921,510.434986333754,1.93601366624591,2.05601366624592,2.48601366624598
"81L logs","81L_aNM",515.8539,516.2539,515.9739,516.4339,514.167927864846,1.68597213515432,1.80597213515432,2.26597213515436
"82H lungs","82H_aNM",519.9449,520.3349,520.0349,520.5149,517.537560554463,2.40733944553699,2.49733944553702,2.97733944553704
"82L lungs","82L_aNM",524.1079,524.4879,524.1679,524.6779,521.601965939098,2.50593406090218,2.56593406090224,3.07593406090223
"83H map","83H_aNM",527.6909,527.9309,527.7809,528.1709,525.627345889534,2.0635541104657,2.15355411046562,2.54355411046561
"83L map","83L_aNM",531.3899,531.6899,531.5099,531.9199,529.84402552067,1.54587447933011,1.66587447933011,2.07587447933008
"85H mat","85H_aNM",535.3068,535.5268,535.3868,535.8168,533.302519496613,2.00428050338667,2.08428050338671,2.51428050338666
"85L mat","85L_aNM",538.6758,538.9458,538.7858,539.1758,537.017730112689,1.6580698873106,1.76806988731062,2.1580698873106
"86H meal","86H_aNM",542.0408,542.3508,542.1308,542.5208,540.486711277671,1.55408872232852,1.64408872232855,2.03408872232853
"86L meal","86L_aNM",545.5078,545.7978,545.5978,545.9978,543.34836949179,2.15943050821022,2.24943050821025,2.64943050821023
"87H mop","87H_aNM",548.3327,548.5727,548.4327,548.8027,546.733337291778,1.59936270822243,1.69936270822234,2.06936270822234
"87L mop","87L_aNM",551.8197,552.0997,551.9497,552.2997,549.992952020317,1.82674797968252,1.95674797968252,2.30674797968254
"88H mouse","88H_aNM",555.1107,555.4507,555.2107,555.6907,553.494555527285,1.61614447271495,1.71614447271497,2.19614447271499
"88L mouse","88L_aNM",559.2417,559.5817,559.3317,559.8417,557.209789278223,2.03191072177697,2.12191072177689,2.63191072177688
"89H mug","89H_aNM",563.8107,564.0807,563.8907,564.1707,561.589436544002,2.22126345599827,2.30126345599831,2.58126345599828
"89L mug","89L_aNM",567.4156,567.7156,567.5156,567.8256,565.179510203816,2.2360897961845,2.33608979618441,2.64608979618447
"90H net","90H_aNM",571.1646,571.4646,571.2846,571.7746,569.13189585207,2.03270414792962,2.15270414792963,2.64270414792963
"90L net","90L_aNM",574.6156,574.8756,574.7256,575.1556,572.936651859874,1.67894814012573,1.78894814012574,2.2189481401258
"91H notch","91H_aNM",577.2726,577.5626,577.3926,577.8926,575.792506693161,1.48009330683874,1.60009330683874,2.10009330683874
"91L notch","91L_aNM",580.5256,580.8456,580.6456,581.1356,578.691502943036,1.83409705696363,1.95409705696352,2.44409705696353
"93H pad","93H_aNM",585.2885,585.6685,585.4285,585.8485,583.211284039927,2.07721596007332,2.2172159600733,2.63721596007326
"93L pad","93L_aNM",589.2495,589.6195,589.3895,589.8095,587.25560300342,1.99389699657956,2.13389699657955,2.55389699657951
"94H pet","94H_aNM",593.0325,593.3325,593.2025,593.5825,591.062634438067,1.96986556193349,2.13986556193345,2.51986556193344
"94L pet","94L_aNM",596.6215,596.8915,596.7515,597.1615,594.59637711861,2.02512288139042,2.15512288139041,2.56512288139049
"95H pie","95H_aNM",600.1465,600.2765,600.2765,600.6865,598.27075914184,1.87574085815993,2.00574085816004,2.41574085816001
"95L pie","95L_aNM",604.6134,604.7534,604.7534,605.1334,602.335999206536,2.27740079346393,2.41740079346403,2.79740079346402
"96H pile","96H_aNM",607.9524,608.3824,608.1024,608.5224,606.094143059774,1.8582569402264,2.00825694022637,2.42825694022633
"96L pile","96L_aNM",611.2614,611.6514,611.373990214646,611.7114,609.697810794712,1.56358920528783,1.67617941993433,2.01358920528787
"97H pill","97H_aNM",615.6204,615.8904,615.7304,616.0604,613.500781533775,2.11961846622523,2.22961846622525,2.55961846622517
"97L pill","97L_aNM",619.7053,620.0053,619.8153,620.2053,617.723562314028,1.98173768597167,2.09173768597168,2.48173768597167
"98H pine","98H_aNM",623.1283,623.5183,623.2583,623.6983,621.106738129578,2.02156187042203,2.15156187042203,2.59156187042208
"98L pine","98L_aNM",627.2053,627.5953,627.3453,627.7453,625.720413436214,1.48488656378584,1.62488656378582,2.02488656378591
"99H plot","99H_aNM",631.1463,631.4563,631.2863,631.7163,629.565376078598,1.58092392140156,1.72092392140155,2.15092392140161
"99L plot","99L_aNM",634.1313,634.4013,634.2513,634.6813,632.789702510604,1.34159748939635,1.46159748939635,1.8915974893963
"100H pole","100H_aNM",636.9723,637.2723,637.1023,637.4723,635.475305532692,1.49699446730847,1.62699446730846,1.99699446730847
"100L pole","100L_aNM",640.3212,640.6212,640.4812,640.8312,639.067464661552,1.25373533844777,1.41373533844774,1.76373533844776
"101H pool","101H_aNM",644.3002,644.4702,644.4302,644.7902,642.030927627377,2.26927237262305,2.39927237262305,2.75927237262306
"101L pool","101L_aNM",647.7472,647.9372,647.8572,648.2872,646.166622039268,1.58057796073183,1.69057796073184,2.12057796073179
"102H prize","102H_aNM",651.4442,651.8842,651.5242,652.1142,649.309622275811,2.1345777241894,2.21457772418933,2.80457772418936
"102L prize","102L_aNM",655.6112,656.0912,655.7212,656.3212,653.873317739874,1.73788226012573,1.84788226012563,2.44788226012565
"103H raft","103H_aNM",660.7741,661.2341,660.8741,661.3741,658.208756607394,2.56534339260588,2.66534339260591,3.16534339260591
"103L raft","103L_aNM",664.1191,664.5891,664.2091,664.7291,662.257116056672,1.8619839433278,1.95198394332783,2.47198394332781
"104H rent","104H_aNM",668.5541,668.9041,668.6541,669.1341,666.554659461136,1.99944053886418,2.0994405388642,2.57944053886422
"104L rent","104L_aNM",672.1531,672.5131,672.2331,672.7331,670.213121964388,1.93997803561206,2.0199780356121,2.5199780356121
"105H rim","105H_aNM",675.718,675.938,675.778,676.128,673.656800422815,2.06119957718454,2.1211995771846,2.47119957718462
"105L rim","105L_aNM",680.187,680.417,680.277,680.567,677.95843219625,2.22856780374957,2.3185678037496,2.60856780374957
"107H rope","107H_aNM",683.03,683.31,683.14,683.56,681.303238695341,1.72676130465891,1.83676130465892,2.25676130465888
"107L rope","107L_aNM",686.505,686.805,686.615,686.995,684.607593436081,1.89740656391893,2.00740656391895,2.38740656391894
"108H no","108H_aNM",690.228,690.258,690.258,690.288,687.750848390739,2.47715160926055,2.50715160926063,2.5371516092606
"108L no","108L_aNM",693.6109,693.6409,693.6409,693.6809,691.241812572279,2.36908742772084,2.39908742772081,2.43908742772078
"109H sand","109H_aNM",696.2899,696.6799,696.4199,696.8399,694.663067356031,1.6268326439689,1.75683264396889,2.17683264396885
"109L sand","109L_aNM",699.4969,699.8869,699.6169,700.0569,697.672303419802,1.82459658019764,1.94459658019764,2.38459658019769
"110H scab","110H_aNM",702.6479,703.0479,702.7479,703.1279,700.897737126447,1.75016287355288,1.85016287355279,2.23016287355279
"110L scab","110L_aNM",705.5708,705.9908,705.6808,706.0308,703.968849135005,1.60195086499539,1.7119508649954,2.06195086499542
"111H seeds","111H_aNM",708.4818,708.9718,708.6218,709.1518,706.930538228423,1.55126177157717,1.69126177157716,2.22126177157713
"111L seeds","111L_aNM",711.1448,711.6748,711.2848,711.8648,709.819441975058,1.32535802494181,1.46535802494179,2.04535802494172
"112H shed","112H_aNM",714.2218,714.5318,714.3818,714.7118,712.555922846874,1.66587715312585,1.82587715312582,2.15587715312586
"112L shed","112L_aNM",717.3768,717.7168,717.5568,717.9068,715.580294645025,1.79650535497501,1.97650535497496,2.32650535497498
"113H sheep","113H_aNM",720.3378,720.6878,720.4878,720.9078,718.618594628498,1.71920537150174,1.86920537150172,2.28920537150168
"113L sheep","113L_aNM",723.0907,723.4307,723.2607,723.6607,721.608395010614,1.48230498938619,1.65230498938627,2.05230498938624
"114H silk","114H_aNM",726.1857,726.5457,726.3257,726.7657,724.628164650265,1.5575353497353,1.69753534973529,2.13753534973534
"114L silk","114L_aNM",729.1067,729.4567,729.2567,729.6767,727.533091048858,1.57360895114164,1.72360895114161,2.14360895114157
"115H skirt","115H_aNM",732.4197,732.7897,732.5297,733.0597,730.631197133356,1.78850286664408,1.89850286664409,2.42850286664407
"115L skirt","115L_aNM",735.6847,736.0847,735.7947,736.2947,734.003338975485,1.68136102451456,1.79136102451457,2.29136102451457
"116H sleeves","116H_aNM",739.0356,739.5556,739.1756,739.7356,737.141089161434,1.89451083856625,2.03451083856623,2.59451083856618
"116L sleeves","116L_aNM",742.5086,743.0286,742.6086,743.1686,740.636549951048,1.87205004895191,1.97205004895193,2.53205004895187
"117H slice","117H_aNM",745.9496,746.3596,746.0996,746.5996,744.234908597426,1.71469140257375,1.86469140257373,2.36469140257373
"117L slice","117L_aNM",749.7406,750.1406,749.8606,750.3706,747.84681140848,1.89378859152021,2.01378859152021,2.5237885915202
"118H sling","118H_aNM",753.2275,753.5375,753.3775,753.7275,751.420518267888,1.80698173211158,1.95698173211167,2.30698173211158
"118L sling","118L_aNM",756.8045,757.0945,756.9445,757.2845,754.798067948982,2.00643205101824,2.14643205101822,2.48643205101826
"119H splash","119H_aNM",760.2375,760.6675,760.3575,760.8975,758.438173008309,1.79932699169137,1.91932699169138,2.45932699169146
"119L splash","119L_aNM",763.7465,764.1565,763.8365,764.3765,761.999215072703,1.74728492729719,1.83728492729722,2.37728492729718
"120H sponge","120H_aNM",767.1915,767.7015,767.3015,767.8915,765.272046739069,1.91945326093116,2.02945326093118,2.6194532609311
"120L sponge","120L_aNM",770.8024,771.3024,770.8924,771.4924,769.132166316222,1.67023368377829,1.76023368377821,2.36023368377823
"121H spool","121H_aNM",774.0854,774.3854,774.1854,774.6454,772.546471341267,1.5389286587332,1.63892865873311,2.09892865873314
"121L spool","121L_aNM",777.5064,777.7664,777.6264,778.1364,775.750331800622,1.75606819937775,1.87606819937776,2.38606819937775
"122H spoon","122H_aNM",780.6974,781.0974,780.8274,781.2774,779.107109525821,1.59029047417937,1.72029047417936,2.1702904741793
"122L spoon","122L_aNM",784.0003,784.3403,784.1103,784.5503,782.207160405644,1.79313959435603,1.90313959435605,2.34313959435599
"123H sport","123H_aNM",787.9533,788.4333,788.0833,788.6233,786.086436489599,1.86686351040066,1.99686351040066,2.53686351040062
"123L sport","123L_aNM",791.3663,791.8563,791.5163,792.0263,789.61880432161,1.74749567839024,1.89749567839021,2.40749567839021
"124H spray","124H_aNM",794.3593,794.6793,794.5193,794.9793,792.789221175719,1.57007882428104,1.73007882428112,2.19007882428104
"124L spray","124L_aNM",797.7023,798.0323,797.8723,798.3523,795.875790917696,1.82650908230403,1.99650908230399,2.47650908230401
"126H strap","126H_aNM",801.1413,801.4913,801.2213,801.6813,799.449105789676,1.69219421032358,1.77219421032362,2.23219421032354
"126L strap","126L_aNM",804.3602,804.7102,804.4502,804.9202,802.572267276044,1.78793272395626,1.87793272395629,2.34793272395632
"127H swamps","127H_aNM",807.3872,807.9172,807.5172,808.0672,805.68991172042,1.69728827958011,1.8272882795801,2.37728827958006
"127L swamps","127L_aNM",810.7742,811.2942,810.8842,811.4742,809.026758383121,1.74744161687886,1.85744161687887,2.4474416168789
"128H swan","128H_aNM",814.1972,814.5472,814.3272,814.6972,812.361640569874,1.83555943012607,1.96555943012606,2.33555943012607
"128L swan","128L_aNM",817.1721,817.5221,817.2921,817.6821,815.656993669056,1.51510633094426,1.63510633094427,2.02510633094425
"129H tea","129H_aNM",820.1671,820.3471,820.3471,820.6971,818.446506571908,1.72059342809189,1.90059342809184,2.25059342809186
"129L tea","129L_aNM",823.3741,823.5041,823.5041,823.8441,821.518962724113,1.85513727588705,1.98513727588704,2.32513727588707
"130H tent","130H_aNM",826.1771,826.5371,826.3071,826.7471,824.635152555627,1.54194744437314,1.67194744437313,2.11194744437319
"130L tent","130L_aNM",829.0521,829.4421,829.2121,829.6621,827.555595275371,1.49650472462872,1.65650472462869,2.10650472462873
"131H thief","131H_aNM",832.011,832.361,832.141,832.571,830.462090708775,1.54890929122507,1.67890929122507,2.10890929122513
"131L thief","131L_aNM",835.158,835.488,835.278,835.698,833.225659558481,1.93234044151893,2.05234044151894,2.4723404415189
"132H thorns","132H_aNM",838.377,838.827,838.497,839.027,836.407327639702,1.96967236029809,2.0896723602981,2.61967236029818
"132L thorns","132L_aNM",842.152,842.622,842.282,842.812,840.190303002362,1.96169699763811,2.09169699763811,2.62169699763808
"133H throat","133H_aNM",845.413,845.793,845.543,846.003,843.684731328668,1.72826867133199,1.85826867133198,2.31826867133202
"133L throat","133L_aNM",848.3299,848.7499,848.4699,848.9999,846.908958353032,1.42094164696823,1.56094164696833,2.0909416469683
"134H tin","134H_aNM",851.3989,851.6589,851.5489,851.8189,849.688918397756,1.70998160224383,1.85998160224381,2.12998160224379
"134L tin","134L_aNM",854.1299,854.4399,854.2699,854.5999,852.695662126547,1.43423787345341,1.5742378734534,1.90423787345344
"136H trail","136H_aNM",856.9589,857.3389,857.0589,857.5089,855.517596400149,1.44130359985081,1.54130359985083,1.99130359985088
"136L trail","136L_aNM",859.8759,860.2459,859.9959,860.3859,858.384837327996,1.49106267200352,1.61106267200353,2.00106267200351
"137H trap","137H_aNM",862.8568,863.1768,862.9868,863.3868,861.16780892989,1.68899107011043,1.81899107011043,2.21899107011041
"137L trap","137L_aNM",866.2578,866.6178,866.3778,866.8278,864.433944342194,1.82385565780589,1.9438556578059,2.39385565780594
"138H truck","138H_aNM",870.3108,870.6208,870.4508,870.8508,867.869840550537,2.44095944946309,2.58095944946308,2.98095944946317
"138L truck","138L_aNM",873.7558,874.0458,873.8558,874.3058,872.08854757779,1.66725242220969,1.76725242220971,2.21725242220964
"139H tub","139H_aNM",877.0847,877.3847,877.2247,877.5247,875.311111421402,1.77358857859804,1.91358857859802,2.21358857859809
"139L tub","139L_aNM",880.4337,880.7537,880.5837,880.8737,878.382610003444,2.0510899965559,2.20108999655588,2.49108999655584
"140H van","140H_aNM",884.2867,884.6267,884.3867,884.7767,882.042651303772,2.24404869622845,2.34404869622847,2.73404869622846
"140L van","140L_aNM",888.3937,888.7337,888.5037,888.8837,886.156307108828,2.23739289117225,2.34739289117226,2.72739289117226
"141H wax","141H_aNM",892.3687,892.7887,892.4487,892.9687,890.291526408526,2.07717359147409,2.15717359147413,2.67717359147412
"141L wax","141L_aNM",895.5956,896.0456,895.7056,896.2256,893.964591052065,1.63100894793479,1.7410089479348,2.26100894793478
